dimenot_kal,dimos_kal,nomos_kal,perifereia_kal,dimos_kap,normarchia_kap,perifereia_kap
ΔΟΞΑΤΟΥ,ΔΟΞΑΤΟΥ,ΔΡΑΜΑΣ,ΑΝ. ΜΑΚΕΔΟΝΙΑΣ & ΘΡΑΚΗΣ,ΔΟΞΑΤΟΥ,ΔΡΑΜΑΣ,ΑΝ. ΜΑΚΕΔΟΝΙΑΣ & ΘΡΑΚΗΣ
ΚΑΛΑΜΠΑΚΙΟΥ,ΔΟΞΑΤΟΥ,ΔΡΑΜΑΣ,ΑΝ. ΜΑΚΕΔΟΝΙΑΣ & ΘΡΑΚΗΣ,ΚΑΛΑΜΠΑΚΙΟΥ,ΔΡΑΜΑΣ,ΑΝ. ΜΑΚΕΔΟΝΙΑΣ & ΘΡΑΚΗΣ
ΔΡΑΜΑΣ,ΔΡΑΜΑΣ,ΔΡΑΜΑΣ,ΑΝ. ΜΑΚΕΔΟΝΙΑΣ & ΘΡΑΚΗΣ,ΔΡΑΜΑΣ,ΔΡΑΜΑΣ,ΑΝ. ΜΑΚΕΔΟΝΙΑΣ & ΘΡΑΚΗΣ
ΣΙΔΗΡΟΝΕΡΟΥ,ΔΡΑΜΑΣ,ΔΡΑΜΑΣ,ΑΝ. ΜΑΚΕΔΟΝΙΑΣ & ΘΡΑΚΗΣ,ΣΙΔΗΡΟΝΕΡΟΥ,ΔΡΑΜΑΣ,ΑΝ. ΜΑΚΕΔΟΝΙΑΣ & ΘΡΑΚΗΣ
ΚΑΤΩ ΝΕΥΡΟΚΟΠΙΟΥ,ΚΑΤΩ ΝΕΥΡΟΚΟΠΙΟΥ,ΔΡΑΜΑΣ,ΑΝ. ΜΑΚΕΔΟΝΙΑΣ & ΘΡΑΚΗΣ,ΚΑΤΩ ΝΕΥΡΟΚΟΠΙΟΥ,ΔΡΑΜΑΣ,ΑΝ. ΜΑΚΕΔΟΝΙΑΣ & ΘΡΑΚΗΣ
ΝΙΚΗΦΟΡΟΥ,ΠΑΡΑΝΕΣΤΙΟΥ,ΔΡΑΜΑΣ,ΑΝ. ΜΑΚΕΔΟΝΙΑΣ & ΘΡΑΚΗΣ,ΝΙΚΗΦΟΡΟΥ,ΔΡΑΜΑΣ,ΑΝ. ΜΑΚΕΔΟΝΙΑΣ & ΘΡΑΚΗΣ
ΠΑΡΑΝΕΣΤΙΟΥ,ΠΑΡΑΝΕΣΤΙΟΥ,ΔΡΑΜΑΣ,ΑΝ. ΜΑΚΕΔΟΝΙΑΣ & ΘΡΑΚΗΣ,ΠΑΡΑΝΕΣΤΙΟΥ,ΔΡΑΜΑΣ,ΑΝ. ΜΑΚΕΔΟΝΙΑΣ & ΘΡΑΚΗΣ
ΠΡΟΣΟΤΣΑΝΗΣ,ΠΡΟΣΟΤΣΑΝΗΣ,ΔΡΑΜΑΣ,ΑΝ. ΜΑΚΕΔΟΝΙΑΣ & ΘΡΑΚΗΣ,ΠΡΟΣΟΤΣΑΝΗΣ,ΔΡΑΜΑΣ,ΑΝ. ΜΑΚΕΔΟΝΙΑΣ & ΘΡΑΚΗΣ
ΣΙΤΑΓΡΩΝ,ΠΡΟΣΟΤΣΑΝΗΣ,ΔΡΑΜΑΣ,ΑΝ. ΜΑΚΕΔΟΝΙΑΣ & ΘΡΑΚΗΣ,ΣΙΤΑΓΡΩΝ,ΔΡΑΜΑΣ,ΑΝ. ΜΑΚΕΔΟΝΙΑΣ & ΘΡΑΚΗΣ
ΑΛΕΞΑΝΔΡΟΥΠΟΛΗΣ,ΑΛΕΞΑΝΔΡΟΥΠΟΛΗΣ,ΕΒΡΟΥ,ΑΝ. ΜΑΚΕΔΟΝΙΑΣ & ΘΡΑΚΗΣ,ΑΛΕΞΑΝΔΡΟΥΠΟΛΗΣ,ΕΒΡΟΥ,ΑΝ. ΜΑΚΕΔΟΝΙΑΣ & ΘΡΑΚΗΣ
ΤΡΑΪΑΝΟΥΠΟΛΗΣ,ΑΛΕΞΑΝΔΡΟΥΠΟΛΗΣ,ΕΒΡΟΥ,ΑΝ. ΜΑΚΕΔΟΝΙΑΣ & ΘΡΑΚΗΣ,ΤΡΙΓΩΝΟΥ,ΕΒΡΟΥ,ΑΝ. ΜΑΚΕΔΟΝΙΑΣ & ΘΡΑΚΗΣ
ΦΕΡΩΝ,ΑΛΕΞΑΝΔΡΟΥΠΟΛΗΣ,ΕΒΡΟΥ,ΑΝ. ΜΑΚΕΔΟΝΙΑΣ & ΘΡΑΚΗΣ,ΤΥΧΕΡΟΥ,ΕΒΡΟΥ,ΑΝ. ΜΑΚΕΔΟΝΙΑΣ & ΘΡΑΚΗΣ
ΦΕΡΩΝ,ΑΛΕΞΑΝΔΡΟΥΠΟΛΗΣ,ΕΒΡΟΥ,ΑΝ. ΜΑΚΕΔΟΝΙΑΣ & ΘΡΑΚΗΣ,ΣΟΥΦΛΙΟΥ,ΕΒΡΟΥ,ΑΝ. ΜΑΚΕΔΟΝΙΑΣ & ΘΡΑΚΗΣ
ΔΙΔΥΜΟΤΕΙΧΟΥ,ΔΙΔΥΜΟΤΕΙΧΟΥ,ΕΒΡΟΥ,ΑΝ. ΜΑΚΕΔΟΝΙΑΣ & ΘΡΑΚΗΣ,ΦΕΡΩΝ,ΕΒΡΟΥ,ΑΝ. ΜΑΚΕΔΟΝΙΑΣ & ΘΡΑΚΗΣ
ΔΙΔΥΜΟΤΕΙΧΟΥ,ΔΙΔΥΜΟΤΕΙΧΟΥ,ΕΒΡΟΥ,ΑΝ. ΜΑΚΕΔΟΝΙΑΣ & ΘΡΑΚΗΣ,ΔΙΔΥΜΟΤΕΙΧΟΥ,ΕΒΡΟΥ,ΑΝ. ΜΑΚΕΔΟΝΙΑΣ & ΘΡΑΚΗΣ
ΜΕΤΑΞΑΔΩΝ,ΔΙΔΥΜΟΤΕΙΧΟΥ,ΕΒΡΟΥ,ΑΝ. ΜΑΚΕΔΟΝΙΑΣ & ΘΡΑΚΗΣ,ΔΙΔΥΜΟΤΕΙΧΟΥ,ΕΒΡΟΥ,ΑΝ. ΜΑΚΕΔΟΝΙΑΣ & ΘΡΑΚΗΣ
ΜΕΤΑΞΑΔΩΝ,ΔΙΔΥΜΟΤΕΙΧΟΥ,ΕΒΡΟΥ,ΑΝ. ΜΑΚΕΔΟΝΙΑΣ & ΘΡΑΚΗΣ,ΜΕΤΑΞΑΔΩΝ,ΕΒΡΟΥ,ΑΝ. ΜΑΚΕΔΟΝΙΑΣ & ΘΡΑΚΗΣ
ΒΥΣΣΑΣ,ΟΡΕΣΤΙΑΔΟΣ,ΕΒΡΟΥ,ΑΝ. ΜΑΚΕΔΟΝΙΑΣ & ΘΡΑΚΗΣ,ΤΡΑΪΑΝΟΥΠΟΛΗΣ,ΕΒΡΟΥ,ΑΝ. ΜΑΚΕΔΟΝΙΑΣ & ΘΡΑΚΗΣ
ΒΥΣΣΑΣ,ΟΡΕΣΤΙΑΔΟΣ,ΕΒΡΟΥ,ΑΝ. ΜΑΚΕΔΟΝΙΑΣ & ΘΡΑΚΗΣ,ΦΕΡΩΝ,ΕΒΡΟΥ,ΑΝ. ΜΑΚΕΔΟΝΙΑΣ & ΘΡΑΚΗΣ
ΚΥΠΡΙΝΟΥ,ΟΡΕΣΤΙΑΔΟΣ,ΕΒΡΟΥ,ΑΝ. ΜΑΚΕΔΟΝΙΑΣ & ΘΡΑΚΗΣ,ΔΙΔΥΜΟΤΕΙΧΟΥ,ΕΒΡΟΥ,ΑΝ. ΜΑΚΕΔΟΝΙΑΣ & ΘΡΑΚΗΣ
ΟΡΕΣΤΙΑΔΟΣ,ΟΡΕΣΤΙΑΔΟΣ,ΕΒΡΟΥ,ΑΝ. ΜΑΚΕΔΟΝΙΑΣ & ΘΡΑΚΗΣ,ΒΥΣΣΑΣ,ΕΒΡΟΥ,ΑΝ. ΜΑΚΕΔΟΝΙΑΣ & ΘΡΑΚΗΣ
ΟΡΕΣΤΙΑΔΟΣ,ΟΡΕΣΤΙΑΔΟΣ,ΕΒΡΟΥ,ΑΝ. ΜΑΚΕΔΟΝΙΑΣ & ΘΡΑΚΗΣ,ΜΕΤΑΞΑΔΩΝ,ΕΒΡΟΥ,ΑΝ. ΜΑΚΕΔΟΝΙΑΣ & ΘΡΑΚΗΣ
ΟΡΕΣΤΙΑΔΟΣ,ΟΡΕΣΤΙΑΔΟΣ,ΕΒΡΟΥ,ΑΝ. ΜΑΚΕΔΟΝΙΑΣ & ΘΡΑΚΗΣ,ΚΥΠΡΙΝΟΥ,ΕΒΡΟΥ,ΑΝ. ΜΑΚΕΔΟΝΙΑΣ & ΘΡΑΚΗΣ
ΤΡΙΓΩΝΟΥ,ΟΡΕΣΤΙΑΔΟΣ,ΕΒΡΟΥ,ΑΝ. ΜΑΚΕΔΟΝΙΑΣ & ΘΡΑΚΗΣ,ΤΡΙΓΩΝΟΥ,ΕΒΡΟΥ,ΑΝ. ΜΑΚΕΔΟΝΙΑΣ & ΘΡΑΚΗΣ
ΤΡΙΓΩΝΟΥ,ΟΡΕΣΤΙΑΔΟΣ,ΕΒΡΟΥ,ΑΝ. ΜΑΚΕΔΟΝΙΑΣ & ΘΡΑΚΗΣ,ΣΑΜΟΘΡΑΚΗΣ,ΕΒΡΟΥ,ΑΝ. ΜΑΚΕΔΟΝΙΑΣ & ΘΡΑΚΗΣ
ΤΡΙΓΩΝΟΥ,ΟΡΕΣΤΙΑΔΟΣ,ΕΒΡΟΥ,ΑΝ. ΜΑΚΕΔΟΝΙΑΣ & ΘΡΑΚΗΣ,ΟΡΦΕΑ,ΕΒΡΟΥ,ΑΝ. ΜΑΚΕΔΟΝΙΑΣ & ΘΡΑΚΗΣ
ΣΑΜΟΘΡΑΚΗΣ,ΣΑΜΟΘΡΑΚΗΣ,ΕΒΡΟΥ,ΑΝ. ΜΑΚΕΔΟΝΙΑΣ & ΘΡΑΚΗΣ,ΟΡΕΣΤΙΑΔΟΣ,ΕΒΡΟΥ,ΑΝ. ΜΑΚΕΔΟΝΙΑΣ & ΘΡΑΚΗΣ
ΟΡΦΕΑ,ΣΟΥΦΛΙΟΥ,ΕΒΡΟΥ,ΑΝ. ΜΑΚΕΔΟΝΙΑΣ & ΘΡΑΚΗΣ,ΟΡΕΣΤΙΑΔΟΣ,ΕΒΡΟΥ,ΑΝ. ΜΑΚΕΔΟΝΙΑΣ & ΘΡΑΚΗΣ
ΟΡΦΕΑ,ΣΟΥΦΛΙΟΥ,ΕΒΡΟΥ,ΑΝ. ΜΑΚΕΔΟΝΙΑΣ & ΘΡΑΚΗΣ,ΚΥΠΡΙΝΟΥ,ΕΒΡΟΥ,ΑΝ. ΜΑΚΕΔΟΝΙΑΣ & ΘΡΑΚΗΣ
ΣΟΥΦΛΙΟΥ,ΣΟΥΦΛΙΟΥ,ΕΒΡΟΥ,ΑΝ. ΜΑΚΕΔΟΝΙΑΣ & ΘΡΑΚΗΣ,ΤΡΙΓΩΝΟΥ,ΕΒΡΟΥ,ΑΝ. ΜΑΚΕΔΟΝΙΑΣ & ΘΡΑΚΗΣ
ΣΟΥΦΛΙΟΥ,ΣΟΥΦΛΙΟΥ,ΕΒΡΟΥ,ΑΝ. ΜΑΚΕΔΟΝΙΑΣ & ΘΡΑΚΗΣ,ΟΡΕΣΤΙΑΔΟΣ,ΕΒΡΟΥ,ΑΝ. ΜΑΚΕΔΟΝΙΑΣ & ΘΡΑΚΗΣ
ΤΥΧΕΡΟΥ,ΣΟΥΦΛΙΟΥ,ΕΒΡΟΥ,ΑΝ. ΜΑΚΕΔΟΝΙΑΣ & ΘΡΑΚΗΣ,ΣΟΥΦΛΙΟΥ,ΕΒΡΟΥ,ΑΝ. ΜΑΚΕΔΟΝΙΑΣ & ΘΡΑΚΗΣ
ΤΥΧΕΡΟΥ,ΣΟΥΦΛΙΟΥ,ΕΒΡΟΥ,ΑΝ. ΜΑΚΕΔΟΝΙΑΣ & ΘΡΑΚΗΣ,ΟΡΦΕΑ,ΕΒΡΟΥ,ΑΝ. ΜΑΚΕΔΟΝΙΑΣ & ΘΡΑΚΗΣ
ΘΑΣΟΥ,ΘΑΣΟΥ,ΘΑΣΟΥ,ΑΝ. ΜΑΚΕΔΟΝΙΑΣ & ΘΡΑΚΗΣ,ΘΑΣΟΥ,ΚΑΒΑΛΑΣ,ΑΝ. ΜΑΚΕΔΟΝΙΑΣ & ΘΡΑΚΗΣ
ΚΑΒΑΛΑΣ,ΚΑΒΑΛΑΣ,ΚΑΒΑΛΑΣ,ΑΝ. ΜΑΚΕΔΟΝΙΑΣ & ΘΡΑΚΗΣ,ΚΑΒΑΛΑΣ,ΚΑΒΑΛΑΣ,ΑΝ. ΜΑΚΕΔΟΝΙΑΣ & ΘΡΑΚΗΣ
ΦΙΛΙΠΠΩΝ,ΚΑΒΑΛΑΣ,ΚΑΒΑΛΑΣ,ΑΝ. ΜΑΚΕΔΟΝΙΑΣ & ΘΡΑΚΗΣ,ΦΙΛΙΠΠΩΝ,ΚΑΒΑΛΑΣ,ΑΝ. ΜΑΚΕΔΟΝΙΑΣ & ΘΡΑΚΗΣ
ΚΕΡΑΜΩΤΗΣ,ΝΕΣΤΟΥ,ΚΑΒΑΛΑΣ,ΑΝ. ΜΑΚΕΔΟΝΙΑΣ & ΘΡΑΚΗΣ,ΚΕΡΑΜΩΤΗΣ,ΚΑΒΑΛΑΣ,ΑΝ. ΜΑΚΕΔΟΝΙΑΣ & ΘΡΑΚΗΣ
ΟΡΕΙΝΟΥ,ΝΕΣΤΟΥ,ΚΑΒΑΛΑΣ,ΑΝ. ΜΑΚΕΔΟΝΙΑΣ & ΘΡΑΚΗΣ,ΟΡΕΙΝΟΥ,ΚΑΒΑΛΑΣ,ΑΝ. ΜΑΚΕΔΟΝΙΑΣ & ΘΡΑΚΗΣ
ΧΡΥΣΟΥΠΟΛΗΣ,ΝΕΣΤΟΥ,ΚΑΒΑΛΑΣ,ΑΝ. ΜΑΚΕΔΟΝΙΑΣ & ΘΡΑΚΗΣ,ΧΡΥΣΟΥΠΟΛΗΣ,ΚΑΒΑΛΑΣ,ΑΝ. ΜΑΚΕΔΟΝΙΑΣ & ΘΡΑΚΗΣ
ΕΛΕΥΘΕΡΟΥΠΟΛΗΣ,ΠΑΓΓΑΙΟΥ,ΚΑΒΑΛΑΣ,ΑΝ. ΜΑΚΕΔΟΝΙΑΣ & ΘΡΑΚΗΣ,ΕΛΕΥΘΕΡΟΥΠΟΛΗΣ,ΚΑΒΑΛΑΣ,ΑΝ. ΜΑΚΕΔΟΝΙΑΣ & ΘΡΑΚΗΣ
ΕΛΕΥΘΕΡΩΝ,ΠΑΓΓΑΙΟΥ,ΚΑΒΑΛΑΣ,ΑΝ. ΜΑΚΕΔΟΝΙΑΣ & ΘΡΑΚΗΣ,ΕΛΕΥΘΕΡΩΝ,ΚΑΒΑΛΑΣ,ΑΝ. ΜΑΚΕΔΟΝΙΑΣ & ΘΡΑΚΗΣ
ΟΡΦΑΝΟΥ,ΠΑΓΓΑΙΟΥ,ΚΑΒΑΛΑΣ,ΑΝ. ΜΑΚΕΔΟΝΙΑΣ & ΘΡΑΚΗΣ,ΟΡΦΑΝΟΥ,ΚΑΒΑΛΑΣ,ΑΝ. ΜΑΚΕΔΟΝΙΑΣ & ΘΡΑΚΗΣ
ΠΑΓΓΑΙΟΥ,ΠΑΓΓΑΙΟΥ,ΚΑΒΑΛΑΣ,ΑΝ. ΜΑΚΕΔΟΝΙΑΣ & ΘΡΑΚΗΣ,ΠΑΓΓΑΙΟΥ,ΚΑΒΑΛΑΣ,ΑΝ. ΜΑΚΕΔΟΝΙΑΣ & ΘΡΑΚΗΣ
ΠΙΕΡΕΩΝ,ΠΑΓΓΑΙΟΥ,ΚΑΒΑΛΑΣ,ΑΝ. ΜΑΚΕΔΟΝΙΑΣ & ΘΡΑΚΗΣ,ΠΙΕΡΕΩΝ,ΚΑΒΑΛΑΣ,ΑΝ. ΜΑΚΕΔΟΝΙΑΣ & ΘΡΑΚΗΣ
ΑΒΔΗΡΩΝ,ΑΒΔΗΡΩΝ,ΞΑΝΘΗΣ,ΑΝ. ΜΑΚΕΔΟΝΙΑΣ & ΘΡΑΚΗΣ,ΑΒΔΗΡΩΝ,ΞΑΝΘΗΣ,ΑΝ. ΜΑΚΕΔΟΝΙΑΣ & ΘΡΑΚΗΣ
ΒΙΣΤΩΝΙΔΟΣ,ΑΒΔΗΡΩΝ,ΞΑΝΘΗΣ,ΑΝ. ΜΑΚΕΔΟΝΙΑΣ & ΘΡΑΚΗΣ,ΒΙΣΤΩΝΙΔΟΣ,ΞΑΝΘΗΣ,ΑΝ. ΜΑΚΕΔΟΝΙΑΣ & ΘΡΑΚΗΣ
ΣΕΛΕΡΟΥ,ΑΒΔΗΡΩΝ,ΞΑΝΘΗΣ,ΑΝ. ΜΑΚΕΔΟΝΙΑΣ & ΘΡΑΚΗΣ,ΣΤΑΥΡΟΥΠΟΛΗΣ,ΞΑΝΘΗΣ,ΑΝ. ΜΑΚΕΔΟΝΙΑΣ & ΘΡΑΚΗΣ
ΘΕΡΜΩΝ,ΜΥΚΗΣ,ΞΑΝΘΗΣ,ΑΝ. ΜΑΚΕΔΟΝΙΑΣ & ΘΡΑΚΗΣ,ΘΕΡΜΩΝ,ΞΑΝΘΗΣ,ΑΝ. ΜΑΚΕΔΟΝΙΑΣ & ΘΡΑΚΗΣ
ΚΟΤΥΛΗΣ,ΜΥΚΗΣ,ΞΑΝΘΗΣ,ΑΝ. ΜΑΚΕΔΟΝΙΑΣ & ΘΡΑΚΗΣ,ΚΟΤΥΛΗΣ,ΞΑΝΘΗΣ,ΑΝ. ΜΑΚΕΔΟΝΙΑΣ & ΘΡΑΚΗΣ
ΜΥΚΗΣ,ΜΥΚΗΣ,ΞΑΝΘΗΣ,ΑΝ. ΜΑΚΕΔΟΝΙΑΣ & ΘΡΑΚΗΣ,ΜΥΚΗΣ,ΞΑΝΘΗΣ,ΑΝ. ΜΑΚΕΔΟΝΙΑΣ & ΘΡΑΚΗΣ
ΣΑΤΡΩΝ,ΜΥΚΗΣ,ΞΑΝΘΗΣ,ΑΝ. ΜΑΚΕΔΟΝΙΑΣ & ΘΡΑΚΗΣ,ΣΤΑΥΡΟΥΠΟΛΗΣ,ΞΑΝΘΗΣ,ΑΝ. ΜΑΚΕΔΟΝΙΑΣ & ΘΡΑΚΗΣ
ΞΑΝΘΗΣ,ΞΑΝΘΗΣ,ΞΑΝΘΗΣ,ΑΝ. ΜΑΚΕΔΟΝΙΑΣ & ΘΡΑΚΗΣ,ΞΑΝΘΗΣ,ΞΑΝΘΗΣ,ΑΝ. ΜΑΚΕΔΟΝΙΑΣ & ΘΡΑΚΗΣ
ΣΤΑΥΡΟΥΠΟΛΗΣ,ΞΑΝΘΗΣ,ΞΑΝΘΗΣ,ΑΝ. ΜΑΚΕΔΟΝΙΑΣ & ΘΡΑΚΗΣ,ΣΤΑΥΡΟΥΠΟΛΗΣ,ΞΑΝΘΗΣ,ΑΝ. ΜΑΚΕΔΟΝΙΑΣ & ΘΡΑΚΗΣ
ΣΤΑΥΡΟΥΠΟΛΗΣ,ΞΑΝΘΗΣ,ΞΑΝΘΗΣ,ΑΝ. ΜΑΚΕΔΟΝΙΑΣ & ΘΡΑΚΗΣ,ΣΕΛΕΡΟΥ,ΞΑΝΘΗΣ,ΑΝ. ΜΑΚΕΔΟΝΙΑΣ & ΘΡΑΚΗΣ
ΣΤΑΥΡΟΥΠΟΛΗΣ,ΞΑΝΘΗΣ,ΞΑΝΘΗΣ,ΑΝ. ΜΑΚΕΔΟΝΙΑΣ & ΘΡΑΚΗΣ,ΣΑΤΡΩΝ,ΞΑΝΘΗΣ,ΑΝ. ΜΑΚΕΔΟΝΙΑΣ & ΘΡΑΚΗΣ
ΤΟΠΕΙΡΟΥ,ΤΟΠΕΙΡΟΥ,ΞΑΝΘΗΣ,ΑΝ. ΜΑΚΕΔΟΝΙΑΣ & ΘΡΑΚΗΣ,ΤΟΠΕΙΡΟΥ,ΞΑΝΘΗΣ,ΑΝ. ΜΑΚΕΔΟΝΙΑΣ & ΘΡΑΚΗΣ
ΑΡΡΙΑΝΩΝ,ΑΡΡΙΑΝΩΝ,ΡΟΔΟΠΗΣ,ΑΝ. ΜΑΚΕΔΟΝΙΑΣ & ΘΡΑΚΗΣ,ΑΡΡΙΑΝΩΝ,ΡΟΔΟΠΗΣ,ΑΝ. ΜΑΚΕΔΟΝΙΑΣ & ΘΡΑΚΗΣ
ΚΕΧΡΟΥ,ΑΡΡΙΑΝΩΝ,ΡΟΔΟΠΗΣ,ΑΝ. ΜΑΚΕΔΟΝΙΑΣ & ΘΡΑΚΗΣ,ΚΕΧΡΟΥ,ΡΟΔΟΠΗΣ,ΑΝ. ΜΑΚΕΔΟΝΙΑΣ & ΘΡΑΚΗΣ
ΟΡΓΑΝΗΣ,ΑΡΡΙΑΝΩΝ,ΡΟΔΟΠΗΣ,ΑΝ. ΜΑΚΕΔΟΝΙΑΣ & ΘΡΑΚΗΣ,ΟΡΓΑΝΗΣ,ΡΟΔΟΠΗΣ,ΑΝ. ΜΑΚΕΔΟΝΙΑΣ & ΘΡΑΚΗΣ
ΦΙΛΛΥΡΑΣ,ΑΡΡΙΑΝΩΝ,ΡΟΔΟΠΗΣ,ΑΝ. ΜΑΚΕΔΟΝΙΑΣ & ΘΡΑΚΗΣ,ΦΙΛΛΥΡΑΣ,ΡΟΔΟΠΗΣ,ΑΝ. ΜΑΚΕΔΟΝΙΑΣ & ΘΡΑΚΗΣ
ΑΜΑΞΑΔΩΝ,ΙΑΣΜΟΥ,ΡΟΔΟΠΗΣ,ΑΝ. ΜΑΚΕΔΟΝΙΑΣ & ΘΡΑΚΗΣ,ΑΜΑΞΑΔΩΝ,ΡΟΔΟΠΗΣ,ΑΝ. ΜΑΚΕΔΟΝΙΑΣ & ΘΡΑΚΗΣ
ΙΑΣΜΟΥ,ΙΑΣΜΟΥ,ΡΟΔΟΠΗΣ,ΑΝ. ΜΑΚΕΔΟΝΙΑΣ & ΘΡΑΚΗΣ,ΙΑΣΜΟΥ,ΡΟΔΟΠΗΣ,ΑΝ. ΜΑΚΕΔΟΝΙΑΣ & ΘΡΑΚΗΣ
ΣΩΣΤΟΥ,ΙΑΣΜΟΥ,ΡΟΔΟΠΗΣ,ΑΝ. ΜΑΚΕΔΟΝΙΑΣ & ΘΡΑΚΗΣ,ΣΩΣΤΟΥ,ΡΟΔΟΠΗΣ,ΑΝ. ΜΑΚΕΔΟΝΙΑΣ & ΘΡΑΚΗΣ
ΑΙΓΕΙΡΟΥ,ΚΟΜΟΤΗΝΗΣ,ΡΟΔΟΠΗΣ,ΑΝ. ΜΑΚΕΔΟΝΙΑΣ & ΘΡΑΚΗΣ,ΑΙΓΕΙΡΟΥ,ΡΟΔΟΠΗΣ,ΑΝ. ΜΑΚΕΔΟΝΙΑΣ & ΘΡΑΚΗΣ
ΚΟΜΟΤΗΝΗΣ,ΚΟΜΟΤΗΝΗΣ,ΡΟΔΟΠΗΣ,ΑΝ. ΜΑΚΕΔΟΝΙΑΣ & ΘΡΑΚΗΣ,ΚΟΜΟΤΗΝΗΣ,ΡΟΔΟΠΗΣ,ΑΝ. ΜΑΚΕΔΟΝΙΑΣ & ΘΡΑΚΗΣ
ΝΕΟΥ ΣΙΔΗΡΟΧΩΡΙΟΥ,ΚΟΜΟΤΗΝΗΣ,ΡΟΔΟΠΗΣ,ΑΝ. ΜΑΚΕΔΟΝΙΑΣ & ΘΡΑΚΗΣ,ΝΕΟΥ ΣΙΔΗΡΟΧΩΡΙΟΥ,ΡΟΔΟΠΗΣ,ΑΝ. ΜΑΚΕΔΟΝΙΑΣ & ΘΡΑΚΗΣ
ΜΑΡΩΝΕΙΑΣ,ΜΑΡΩΝΕΙΑΣ-ΣΑΠΩΝ,ΡΟΔΟΠΗΣ,ΑΝ. ΜΑΚΕΔΟΝΙΑΣ & ΘΡΑΚΗΣ,ΜΑΡΩΝΕΙΑΣ,ΡΟΔΟΠΗΣ,ΑΝ. ΜΑΚΕΔΟΝΙΑΣ & ΘΡΑΚΗΣ
ΣΑΠΩΝ,ΜΑΡΩΝΕΙΑΣ-ΣΑΠΩΝ,ΡΟΔΟΠΗΣ,ΑΝ. ΜΑΚΕΔΟΝΙΑΣ & ΘΡΑΚΗΣ,ΣΑΠΩΝ,ΡΟΔΟΠΗΣ,ΑΝ. ΜΑΚΕΔΟΝΙΑΣ & ΘΡΑΚΗΣ
ΑΛΕΞΑΝΔΡΕΙΑΣ,ΑΛΕΞΑΝΔΡΕΙΑΣ,ΗΜΑΘΙΑΣ,ΚΕΝΤΡΙΚΗΣ ΜΑΚΕΔΟΝΙΑΣ,ΑΛΕΞΑΝΔΡΕΙΑΣ,ΗΜΑΘΙΑΣ,ΚΕΝΤΡΙΚΗΣ ΜΑΚΕΔΟΝΙΑΣ
ΑΝΤΙΓΟΝΙΔΩΝ,ΑΛΕΞΑΝΔΡΕΙΑΣ,ΗΜΑΘΙΑΣ,ΚΕΝΤΡΙΚΗΣ ΜΑΚΕΔΟΝΙΑΣ,ΑΝΤΙΓΟΝΙΔΩΝ,ΗΜΑΘΙΑΣ,ΚΕΝΤΡΙΚΗΣ ΜΑΚΕΔΟΝΙΑΣ
ΜΕΛΙΚΗΣ,ΑΛΕΞΑΝΔΡΕΙΑΣ,ΗΜΑΘΙΑΣ,ΚΕΝΤΡΙΚΗΣ ΜΑΚΕΔΟΝΙΑΣ,ΜΕΛΙΚΗΣ,ΗΜΑΘΙΑΣ,ΚΕΝΤΡΙΚΗΣ ΜΑΚΕΔΟΝΙΑΣ
ΠΛΑΤΕΟΣ,ΑΛΕΞΑΝΔΡΕΙΑΣ,ΗΜΑΘΙΑΣ,ΚΕΝΤΡΙΚΗΣ ΜΑΚΕΔΟΝΙΑΣ,ΠΛΑΤΕΟΣ,ΗΜΑΘΙΑΣ,ΚΕΝΤΡΙΚΗΣ ΜΑΚΕΔΟΝΙΑΣ
ΑΠΟΣΤΟΛΟΥ ΠΑΥΛΟΥ,ΒΕΡΟΙΑΣ,ΗΜΑΘΙΑΣ,ΚΕΝΤΡΙΚΗΣ ΜΑΚΕΔΟΝΙΑΣ,ΑΠΟΣΤΟΛΟΥ ΠΑΥΛΟΥ,ΗΜΑΘΙΑΣ,ΚΕΝΤΡΙΚΗΣ ΜΑΚΕΔΟΝΙΑΣ
ΒΕΡΓΙΝΑΣ,ΒΕΡΟΙΑΣ,ΗΜΑΘΙΑΣ,ΚΕΝΤΡΙΚΗΣ ΜΑΚΕΔΟΝΙΑΣ,ΒΕΡΓΙΝΑΣ,ΗΜΑΘΙΑΣ,ΚΕΝΤΡΙΚΗΣ ΜΑΚΕΔΟΝΙΑΣ
ΒΕΡΟΙΑΣ,ΒΕΡΟΙΑΣ,ΗΜΑΘΙΑΣ,ΚΕΝΤΡΙΚΗΣ ΜΑΚΕΔΟΝΙΑΣ,ΒΕΡΟΙΑΣ,ΗΜΑΘΙΑΣ,ΚΕΝΤΡΙΚΗΣ ΜΑΚΕΔΟΝΙΑΣ
ΔΟΒΡΑ,ΒΕΡΟΙΑΣ,ΗΜΑΘΙΑΣ,ΚΕΝΤΡΙΚΗΣ ΜΑΚΕΔΟΝΙΑΣ,ΔΟΒΡΑ,ΗΜΑΘΙΑΣ,ΚΕΝΤΡΙΚΗΣ ΜΑΚΕΔΟΝΙΑΣ
ΜΑΚΕΔΟΝΙΔΟΣ,ΒΕΡΟΙΑΣ,ΗΜΑΘΙΑΣ,ΚΕΝΤΡΙΚΗΣ ΜΑΚΕΔΟΝΙΑΣ,ΜΑΚΕΔΟΝΙΔΟΣ,ΗΜΑΘΙΑΣ,ΚΕΝΤΡΙΚΗΣ ΜΑΚΕΔΟΝΙΑΣ
ΑΝΘΕΜΙΩΝ,ΝΑΟΥΣΑΣ,ΗΜΑΘΙΑΣ,ΚΕΝΤΡΙΚΗΣ ΜΑΚΕΔΟΝΙΑΣ,ΑΝΘΕΜΙΩΝ,ΗΜΑΘΙΑΣ,ΚΕΝΤΡΙΚΗΣ ΜΑΚΕΔΟΝΙΑΣ
ΕΙΡΗΝΟΥΠΟΛΗΣ,ΝΑΟΥΣΑΣ,ΗΜΑΘΙΑΣ,ΚΕΝΤΡΙΚΗΣ ΜΑΚΕΔΟΝΙΑΣ,ΕΙΡΗΝΟΥΠΟΛΗΣ,ΗΜΑΘΙΑΣ,ΚΕΝΤΡΙΚΗΣ ΜΑΚΕΔΟΝΙΑΣ
ΝΑΟΥΣΑΣ,ΝΑΟΥΣΑΣ,ΗΜΑΘΙΑΣ,ΚΕΝΤΡΙΚΗΣ ΜΑΚΕΔΟΝΙΑΣ,ΝΑΟΥΣΑΣ,ΗΜΑΘΙΑΣ,ΚΕΝΤΡΙΚΗΣ ΜΑΚΕΔΟΝΙΑΣ
ΑΜΠΕΛΟΚΗΠΩΝ,ΑΜΠΕΛΟΚΗΠΩΝ-ΜΕΝΕΜΕΝΗΣ,ΘΕΣΣΑΛΟΝΙΚΗΣ,ΚΕΝΤΡΙΚΗΣ ΜΑΚΕΔΟΝΙΑΣ,ΑΜΠΕΛΟΚΗΠΩΝ,ΘΕΣΣΑΛΟΝΙΚΗΣ,ΚΕΝΤΡΙΚΗΣ ΜΑΚΕΔΟΝΙΑΣ
ΜΕΝΕΜΕΝΗΣ,ΑΜΠΕΛΟΚΗΠΩΝ-ΜΕΝΕΜΕΝΗΣ,ΘΕΣΣΑΛΟΝΙΚΗΣ,ΚΕΝΤΡΙΚΗΣ ΜΑΚΕΔΟΝΙΑΣ,ΜΕΝΕΜΕΝΗΣ,ΘΕΣΣΑΛΟΝΙΚΗΣ,ΚΕΝΤΡΙΚΗΣ ΜΑΚΕΔΟΝΙΑΣ
ΑΓΙΟΥ ΓΕΩΡΓΙΟΥ,ΒΟΛΒΗΣ,ΘΕΣΣΑΛΟΝΙΚΗΣ,ΚΕΝΤΡΙΚΗΣ ΜΑΚΕΔΟΝΙΑΣ,ΑΓΙΟΥ ΓΕΩΡΓΙΟΥ,ΘΕΣΣΑΛΟΝΙΚΗΣ,ΚΕΝΤΡΙΚΗΣ ΜΑΚΕΔΟΝΙΑΣ
ΑΠΟΛΛΩΝΙΑΣ,ΒΟΛΒΗΣ,ΘΕΣΣΑΛΟΝΙΚΗΣ,ΚΕΝΤΡΙΚΗΣ ΜΑΚΕΔΟΝΙΑΣ,ΑΠΟΛΛΩΝΙΑΣ,ΘΕΣΣΑΛΟΝΙΚΗΣ,ΚΕΝΤΡΙΚΗΣ ΜΑΚΕΔΟΝΙΑΣ
ΑΡΕΘΟΥΣΑΣ,ΒΟΛΒΗΣ,ΘΕΣΣΑΛΟΝΙΚΗΣ,ΚΕΝΤΡΙΚΗΣ ΜΑΚΕΔΟΝΙΑΣ,ΑΡΕΘΟΥΣΑΣ,ΘΕΣΣΑΛΟΝΙΚΗΣ,ΚΕΝΤΡΙΚΗΣ ΜΑΚΕΔΟΝΙΑΣ
ΕΓΝΑΤΙΑΣ,ΒΟΛΒΗΣ,ΘΕΣΣΑΛΟΝΙΚΗΣ,ΚΕΝΤΡΙΚΗΣ ΜΑΚΕΔΟΝΙΑΣ,ΕΓΝΑΤΙΑΣ,ΘΕΣΣΑΛΟΝΙΚΗΣ,ΚΕΝΤΡΙΚΗΣ ΜΑΚΕΔΟΝΙΑΣ
ΜΑΔΥΤΟΥ,ΒΟΛΒΗΣ,ΘΕΣΣΑΛΟΝΙΚΗΣ,ΚΕΝΤΡΙΚΗΣ ΜΑΚΕΔΟΝΙΑΣ,ΜΑΔΥΤΟΥ,ΘΕΣΣΑΛΟΝΙΚΗΣ,ΚΕΝΤΡΙΚΗΣ ΜΑΚΕΔΟΝΙΑΣ
ΡΕΝΤΙΝΑΣ,ΒΟΛΒΗΣ,ΘΕΣΣΑΛΟΝΙΚΗΣ,ΚΕΝΤΡΙΚΗΣ ΜΑΚΕΔΟΝΙΑΣ,ΡΕΝΤΙΝΑΣ,ΘΕΣΣΑΛΟΝΙΚΗΣ,ΚΕΝΤΡΙΚΗΣ ΜΑΚΕΔΟΝΙΑΣ
ΑΞΙΟΥ,ΔΕΛΤΑ,ΘΕΣΣΑΛΟΝΙΚΗΣ,ΚΕΝΤΡΙΚΗΣ ΜΑΚΕΔΟΝΙΑΣ,ΑΞΙΟΥ,ΘΕΣΣΑΛΟΝΙΚΗΣ,ΚΕΝΤΡΙΚΗΣ ΜΑΚΕΔΟΝΙΑΣ
ΕΧΕΔΩΡΟΥ,ΔΕΛΤΑ,ΘΕΣΣΑΛΟΝΙΚΗΣ,ΚΕΝΤΡΙΚΗΣ ΜΑΚΕΔΟΝΙΑΣ,ΕΧΕΔΩΡΟΥ,ΘΕΣΣΑΛΟΝΙΚΗΣ,ΚΕΝΤΡΙΚΗΣ ΜΑΚΕΔΟΝΙΑΣ
ΧΑΛΑΣΤΡΑΣ,ΔΕΛΤΑ,ΘΕΣΣΑΛΟΝΙΚΗΣ,ΚΕΝΤΡΙΚΗΣ ΜΑΚΕΔΟΝΙΑΣ,ΧΑΛΑΣΤΡΑΣ,ΘΕΣΣΑΛΟΝΙΚΗΣ,ΚΕΝΤΡΙΚΗΣ ΜΑΚΕΔΟΝΙΑΣ
ΕΠΑΝΟΜΗΣ,ΘΕΡΜΑΪΚΟΥ,ΘΕΣΣΑΛΟΝΙΚΗΣ,ΚΕΝΤΡΙΚΗΣ ΜΑΚΕΔΟΝΙΑΣ,ΕΠΑΝΟΜΗΣ,ΘΕΣΣΑΛΟΝΙΚΗΣ,ΚΕΝΤΡΙΚΗΣ ΜΑΚΕΔΟΝΙΑΣ
ΘΕΡΜΑΪΚΟΥ,ΘΕΡΜΑΪΚΟΥ,ΘΕΣΣΑΛΟΝΙΚΗΣ,ΚΕΝΤΡΙΚΗΣ ΜΑΚΕΔΟΝΙΑΣ,ΘΕΡΜΑΪΚΟΥ,ΘΕΣΣΑΛΟΝΙΚΗΣ,ΚΕΝΤΡΙΚΗΣ ΜΑΚΕΔΟΝΙΑΣ
ΜΗΧΑΝΙΩΝΑΣ,ΘΕΡΜΑΪΚΟΥ,ΘΕΣΣΑΛΟΝΙΚΗΣ,ΚΕΝΤΡΙΚΗΣ ΜΑΚΕΔΟΝΙΑΣ,ΜΗΧΑΝΙΩΝΑΣ,ΘΕΣΣΑΛΟΝΙΚΗΣ,ΚΕΝΤΡΙΚΗΣ ΜΑΚΕΔΟΝΙΑΣ
ΒΑΣΙΛΙΚΩΝ,ΘΕΡΜΗΣ,ΘΕΣΣΑΛΟΝΙΚΗΣ,ΚΕΝΤΡΙΚΗΣ ΜΑΚΕΔΟΝΙΑΣ,ΒΑΣΙΛΙΚΩΝ,ΘΕΣΣΑΛΟΝΙΚΗΣ,ΚΕΝΤΡΙΚΗΣ ΜΑΚΕΔΟΝΙΑΣ
ΘΕΡΜΗΣ,ΘΕΡΜΗΣ,ΘΕΣΣΑΛΟΝΙΚΗΣ,ΚΕΝΤΡΙΚΗΣ ΜΑΚΕΔΟΝΙΑΣ,ΘΕΡΜΗΣ,ΘΕΣΣΑΛΟΝΙΚΗΣ,ΚΕΝΤΡΙΚΗΣ ΜΑΚΕΔΟΝΙΑΣ
ΜΙΚΡΑΣ,ΘΕΡΜΗΣ,ΘΕΣΣΑΛΟΝΙΚΗΣ,ΚΕΝΤΡΙΚΗΣ ΜΑΚΕΔΟΝΙΑΣ,ΜΙΚΡΑΣ,ΘΕΣΣΑΛΟΝΙΚΗΣ,ΚΕΝΤΡΙΚΗΣ ΜΑΚΕΔΟΝΙΑΣ
ΘΕΣΣΑΛΟΝΙΚΗΣ,ΘΕΣΣΑΛΟΝΙΚΗΣ,ΘΕΣΣΑΛΟΝΙΚΗΣ,ΚΕΝΤΡΙΚΗΣ ΜΑΚΕΔΟΝΙΑΣ,ΘΕΣΣΑΛΟΝΙΚΗΣ,ΘΕΣΣΑΛΟΝΙΚΗΣ,ΚΕΝΤΡΙΚΗΣ ΜΑΚΕΔΟΝΙΑΣ
ΤΡΙΑΝΔΡΙΑΣ,ΘΕΣΣΑΛΟΝΙΚΗΣ,ΘΕΣΣΑΛΟΝΙΚΗΣ,ΚΕΝΤΡΙΚΗΣ ΜΑΚΕΔΟΝΙΑΣ,ΤΡΙΑΝΔΡΙΑΣ,ΘΕΣΣΑΛΟΝΙΚΗΣ,ΚΕΝΤΡΙΚΗΣ ΜΑΚΕΔΟΝΙΑΣ
ΚΑΛΑΜΑΡΙΑΣ,ΚΑΛΑΜΑΡΙΑΣ,ΘΕΣΣΑΛΟΝΙΚΗΣ,ΚΕΝΤΡΙΚΗΣ ΜΑΚΕΔΟΝΙΑΣ,ΚΑΛΑΜΑΡΙΑΣ,ΘΕΣΣΑΛΟΝΙΚΗΣ,ΚΕΝΤΡΙΚΗΣ ΜΑΚΕΔΟΝΙΑΣ
ΕΛΕΥΘΕΡΙΟΥ-ΚΟΡΔΕΛΙΟΥ,ΚΟΡΔΕΛΙΟΥ-ΕΥΟΣΜΟΥ,ΘΕΣΣΑΛΟΝΙΚΗΣ,ΚΕΝΤΡΙΚΗΣ ΜΑΚΕΔΟΝΙΑΣ,ΕΛΕΥΘΕΡΙΟΥ-ΚΟΡΔΕΛΙΟΥ,ΘΕΣΣΑΛΟΝΙΚΗΣ,ΚΕΝΤΡΙΚΗΣ ΜΑΚΕΔΟΝΙΑΣ
ΕΥΟΣΜΟΥ,ΚΟΡΔΕΛΙΟΥ-ΕΥΟΣΜΟΥ,ΘΕΣΣΑΛΟΝΙΚΗΣ,ΚΕΝΤΡΙΚΗΣ ΜΑΚΕΔΟΝΙΑΣ,ΕΥΟΣΜΟΥ,ΘΕΣΣΑΛΟΝΙΚΗΣ,ΚΕΝΤΡΙΚΗΣ ΜΑΚΕΔΟΝΙΑΣ
ΑΣΣΗΡΟΥ,ΛΑΓΚΑΔΑ,ΘΕΣΣΑΛΟΝΙΚΗΣ,ΚΕΝΤΡΙΚΗΣ ΜΑΚΕΔΟΝΙΑΣ,ΑΣΣΗΡΟΥ,ΘΕΣΣΑΛΟΝΙΚΗΣ,ΚΕΝΤΡΙΚΗΣ ΜΑΚΕΔΟΝΙΑΣ
ΒΕΡΤΙΣΚΟΥ,ΛΑΓΚΑΔΑ,ΘΕΣΣΑΛΟΝΙΚΗΣ,ΚΕΝΤΡΙΚΗΣ ΜΑΚΕΔΟΝΙΑΣ,ΒΕΡΤΙΣΚΟΥ,ΘΕΣΣΑΛΟΝΙΚΗΣ,ΚΕΝΤΡΙΚΗΣ ΜΑΚΕΔΟΝΙΑΣ
ΚΑΛΙΝΔΟΙΩΝ,ΛΑΓΚΑΔΑ,ΘΕΣΣΑΛΟΝΙΚΗΣ,ΚΕΝΤΡΙΚΗΣ ΜΑΚΕΔΟΝΙΑΣ,ΚΑΛΙΝΔΟΙΩΝ,ΘΕΣΣΑΛΟΝΙΚΗΣ,ΚΕΝΤΡΙΚΗΣ ΜΑΚΕΔΟΝΙΑΣ
ΚΟΡΩΝΕΙΑΣ,ΛΑΓΚΑΔΑ,ΘΕΣΣΑΛΟΝΙΚΗΣ,ΚΕΝΤΡΙΚΗΣ ΜΑΚΕΔΟΝΙΑΣ,ΚΟΡΩΝΕΙΑΣ,ΘΕΣΣΑΛΟΝΙΚΗΣ,ΚΕΝΤΡΙΚΗΣ ΜΑΚΕΔΟΝΙΑΣ
ΛΑΓΚΑΔΑ,ΛΑΓΚΑΔΑ,ΘΕΣΣΑΛΟΝΙΚΗΣ,ΚΕΝΤΡΙΚΗΣ ΜΑΚΕΔΟΝΙΑΣ,ΛΑΓΚΑΔΑ,ΘΕΣΣΑΛΟΝΙΚΗΣ,ΚΕΝΤΡΙΚΗΣ ΜΑΚΕΔΟΝΙΑΣ
ΛΑΧΑΝΑ,ΛΑΓΚΑΔΑ,ΘΕΣΣΑΛΟΝΙΚΗΣ,ΚΕΝΤΡΙΚΗΣ ΜΑΚΕΔΟΝΙΑΣ,ΛΑΧΑΝΑ,ΘΕΣΣΑΛΟΝΙΚΗΣ,ΚΕΝΤΡΙΚΗΣ ΜΑΚΕΔΟΝΙΑΣ
ΣΟΧΟΥ,ΛΑΓΚΑΔΑ,ΘΕΣΣΑΛΟΝΙΚΗΣ,ΚΕΝΤΡΙΚΗΣ ΜΑΚΕΔΟΝΙΑΣ,ΣΟΧΟΥ,ΘΕΣΣΑΛΟΝΙΚΗΣ,ΚΕΝΤΡΙΚΗΣ ΜΑΚΕΔΟΝΙΑΣ
ΑΓΙΟΥ ΠΑΥΛΟΥ,ΝΕΑΠΟΛΗΣ-ΣΥΚΕΩΝ,ΘΕΣΣΑΛΟΝΙΚΗΣ,ΚΕΝΤΡΙΚΗΣ ΜΑΚΕΔΟΝΙΑΣ,ΑΓΙΟΥ ΠΑΥΛΟΥ,ΘΕΣΣΑΛΟΝΙΚΗΣ,ΚΕΝΤΡΙΚΗΣ ΜΑΚΕΔΟΝΙΑΣ
ΝΕΑΠΟΛΕΩΣ,ΝΕΑΠΟΛΗΣ-ΣΥΚΕΩΝ,ΘΕΣΣΑΛΟΝΙΚΗΣ,ΚΕΝΤΡΙΚΗΣ ΜΑΚΕΔΟΝΙΑΣ,ΝΕΑΠΟΛΕΩΣ,ΘΕΣΣΑΛΟΝΙΚΗΣ,ΚΕΝΤΡΙΚΗΣ ΜΑΚΕΔΟΝΙΑΣ
ΠΕΥΚΩΝ,ΝΕΑΠΟΛΗΣ-ΣΥΚΕΩΝ,ΘΕΣΣΑΛΟΝΙΚΗΣ,ΚΕΝΤΡΙΚΗΣ ΜΑΚΕΔΟΝΙΑΣ,ΠΕΥΚΩΝ,ΘΕΣΣΑΛΟΝΙΚΗΣ,ΚΕΝΤΡΙΚΗΣ ΜΑΚΕΔΟΝΙΑΣ
ΣΥΚΕΩΝ,ΝΕΑΠΟΛΗΣ-ΣΥΚΕΩΝ,ΘΕΣΣΑΛΟΝΙΚΗΣ,ΚΕΝΤΡΙΚΗΣ ΜΑΚΕΔΟΝΙΑΣ,ΣΥΚΕΩΝ,ΘΕΣΣΑΛΟΝΙΚΗΣ,ΚΕΝΤΡΙΚΗΣ ΜΑΚΕΔΟΝΙΑΣ
ΕΥΚΑΡΠΙΑΣ,ΠΑΥΛΟΥ ΜΕΛΑ,ΘΕΣΣΑΛΟΝΙΚΗΣ,ΚΕΝΤΡΙΚΗΣ ΜΑΚΕΔΟΝΙΑΣ,ΕΥΚΑΡΠΙΑΣ,ΘΕΣΣΑΛΟΝΙΚΗΣ,ΚΕΝΤΡΙΚΗΣ ΜΑΚΕΔΟΝΙΑΣ
ΠΟΛΙΧΝΗΣ,ΠΑΥΛΟΥ ΜΕΛΑ,ΘΕΣΣΑΛΟΝΙΚΗΣ,ΚΕΝΤΡΙΚΗΣ ΜΑΚΕΔΟΝΙΑΣ,ΠΟΛΙΧΝΗΣ,ΘΕΣΣΑΛΟΝΙΚΗΣ,ΚΕΝΤΡΙΚΗΣ ΜΑΚΕΔΟΝΙΑΣ
ΣΤΑΥΡΟΥΠΟΛΕΩΣ,ΠΑΥΛΟΥ ΜΕΛΑ,ΘΕΣΣΑΛΟΝΙΚΗΣ,ΚΕΝΤΡΙΚΗΣ ΜΑΚΕΔΟΝΙΑΣ,ΣΤΑΥΡΟΥΠΟΛΕΩΣ,ΘΕΣΣΑΛΟΝΙΚΗΣ,ΚΕΝΤΡΙΚΗΣ ΜΑΚΕΔΟΝΙΑΣ
ΠΑΝΟΡΑΜΑΤΟΣ,ΠΥΛΑΙΑΣ-ΧΟΡΤΙΑΤΗ,ΘΕΣΣΑΛΟΝΙΚΗΣ,ΚΕΝΤΡΙΚΗΣ ΜΑΚΕΔΟΝΙΑΣ,ΠΑΝΟΡΑΜΑΤΟΣ,ΘΕΣΣΑΛΟΝΙΚΗΣ,ΚΕΝΤΡΙΚΗΣ ΜΑΚΕΔΟΝΙΑΣ
ΠΥΛΑΙΑΣ,ΠΥΛΑΙΑΣ-ΧΟΡΤΙΑΤΗ,ΘΕΣΣΑΛΟΝΙΚΗΣ,ΚΕΝΤΡΙΚΗΣ ΜΑΚΕΔΟΝΙΑΣ,ΠΥΛΑΙΑΣ,ΘΕΣΣΑΛΟΝΙΚΗΣ,ΚΕΝΤΡΙΚΗΣ ΜΑΚΕΔΟΝΙΑΣ
ΧΟΡΤΙΑΤΗ,ΠΥΛΑΙΑΣ-ΧΟΡΤΙΑΤΗ,ΘΕΣΣΑΛΟΝΙΚΗΣ,ΚΕΝΤΡΙΚΗΣ ΜΑΚΕΔΟΝΙΑΣ,ΧΟΡΤΙΑΤΗ,ΘΕΣΣΑΛΟΝΙΚΗΣ,ΚΕΝΤΡΙΚΗΣ ΜΑΚΕΔΟΝΙΑΣ
ΑΓΙΟΥ ΑΘΑΝΑΣΙΟΥ,ΧΑΛΚΗΔΟΝΟΣ,ΘΕΣΣΑΛΟΝΙΚΗΣ,ΚΕΝΤΡΙΚΗΣ ΜΑΚΕΔΟΝΙΑΣ,ΑΓΙΟΥ ΑΘΑΝΑΣΙΟΥ,ΘΕΣΣΑΛΟΝΙΚΗΣ,ΚΕΝΤΡΙΚΗΣ ΜΑΚΕΔΟΝΙΑΣ
ΚΟΥΦΑΛΙΩΝ,ΧΑΛΚΗΔΟΝΟΣ,ΘΕΣΣΑΛΟΝΙΚΗΣ,ΚΕΝΤΡΙΚΗΣ ΜΑΚΕΔΟΝΙΑΣ,ΚΟΥΦΑΛΙΩΝ,ΘΕΣΣΑΛΟΝΙΚΗΣ,ΚΕΝΤΡΙΚΗΣ ΜΑΚΕΔΟΝΙΑΣ
ΧΑΛΚΗΔΟΝΟΣ,ΧΑΛΚΗΔΟΝΟΣ,ΘΕΣΣΑΛΟΝΙΚΗΣ,ΚΕΝΤΡΙΚΗΣ ΜΑΚΕΔΟΝΙΑΣ,ΧΑΛΚΗΔΟΝΟΣ,ΘΕΣΣΑΛΟΝΙΚΗΣ,ΚΕΝΤΡΙΚΗΣ ΜΑΚΕΔΟΝΙΑΣ
ΚΑΛΛΙΘΕΑΣ,ΩΡΑΙΟΚΑΣΤΡΟΥ,ΘΕΣΣΑΛΟΝΙΚΗΣ,ΚΕΝΤΡΙΚΗΣ ΜΑΚΕΔΟΝΙΑΣ,ΚΑΛΛΙΘΕΑΣ,ΘΕΣΣΑΛΟΝΙΚΗΣ,ΚΕΝΤΡΙΚΗΣ ΜΑΚΕΔΟΝΙΑΣ
ΜΥΓΔΟΝΙΑΣ,ΩΡΑΙΟΚΑΣΤΡΟΥ,ΘΕΣΣΑΛΟΝΙΚΗΣ,ΚΕΝΤΡΙΚΗΣ ΜΑΚΕΔΟΝΙΑΣ,ΜΥΓΔΟΝΙΑΣ,ΘΕΣΣΑΛΟΝΙΚΗΣ,ΚΕΝΤΡΙΚΗΣ ΜΑΚΕΔΟΝΙΑΣ
ΩΡΑΙΟΚΑΣΤΡΟΥ,ΩΡΑΙΟΚΑΣΤΡΟΥ,ΘΕΣΣΑΛΟΝΙΚΗΣ,ΚΕΝΤΡΙΚΗΣ ΜΑΚΕΔΟΝΙΑΣ,ΩΡΑΙΟΚΑΣΤΡΟΥ,ΘΕΣΣΑΛΟΝΙΚΗΣ,ΚΕΝΤΡΙΚΗΣ ΜΑΚΕΔΟΝΙΑΣ
ΓΑΛΛΙΚΟΥ,ΚΙΛΚΙΣ,ΚΙΛΚΙΣ,ΚΕΝΤΡΙΚΗΣ ΜΑΚΕΔΟΝΙΑΣ,ΓΑΛΛΙΚΟΥ,ΚΙΛΚΙΣ,ΚΕΝΤΡΙΚΗΣ ΜΑΚΕΔΟΝΙΑΣ
ΔΟΪΡΑΝΗΣ,ΚΙΛΚΙΣ,ΚΙΛΚΙΣ,ΚΕΝΤΡΙΚΗΣ ΜΑΚΕΔΟΝΙΑΣ,ΔΟΪΡΑΝΗΣ,ΚΙΛΚΙΣ,ΚΕΝΤΡΙΚΗΣ ΜΑΚΕΔΟΝΙΑΣ
ΚΙΛΚΙΣ,ΚΙΛΚΙΣ,ΚΙΛΚΙΣ,ΚΕΝΤΡΙΚΗΣ ΜΑΚΕΔΟΝΙΑΣ,ΚΙΛΚΙΣ,ΚΙΛΚΙΣ,ΚΕΝΤΡΙΚΗΣ ΜΑΚΕΔΟΝΙΑΣ
ΚΡΟΥΣΣΩΝ,ΚΙΛΚΙΣ,ΚΙΛΚΙΣ,ΚΕΝΤΡΙΚΗΣ ΜΑΚΕΔΟΝΙΑΣ,ΚΡΟΥΣΣΩΝ,ΚΙΛΚΙΣ,ΚΕΝΤΡΙΚΗΣ ΜΑΚΕΔΟΝΙΑΣ
ΜΟΥΡΙΩΝ,ΚΙΛΚΙΣ,ΚΙΛΚΙΣ,ΚΕΝΤΡΙΚΗΣ ΜΑΚΕΔΟΝΙΑΣ,ΜΟΥΡΙΩΝ,ΚΙΛΚΙΣ,ΚΕΝΤΡΙΚΗΣ ΜΑΚΕΔΟΝΙΑΣ
ΠΙΚΡΟΛΙΜΝΗΣ,ΚΙΛΚΙΣ,ΚΙΛΚΙΣ,ΚΕΝΤΡΙΚΗΣ ΜΑΚΕΔΟΝΙΑΣ,ΠΙΚΡΟΛΙΜΝΗΣ,ΚΙΛΚΙΣ,ΚΕΝΤΡΙΚΗΣ ΜΑΚΕΔΟΝΙΑΣ
ΧΕΡΣΟΥ,ΚΙΛΚΙΣ,ΚΙΛΚΙΣ,ΚΕΝΤΡΙΚΗΣ ΜΑΚΕΔΟΝΙΑΣ,ΧΕΡΣΟΥ,ΚΙΛΚΙΣ,ΚΕΝΤΡΙΚΗΣ ΜΑΚΕΔΟΝΙΑΣ
ΑΞΙΟΥΠΟΛΗΣ,ΠΑΙΟΝΙΑΣ,ΚΙΛΚΙΣ,ΚΕΝΤΡΙΚΗΣ ΜΑΚΕΔΟΝΙΑΣ,ΑΞΙΟΥΠΟΛΗΣ,ΚΙΛΚΙΣ,ΚΕΝΤΡΙΚΗΣ ΜΑΚΕΔΟΝΙΑΣ
ΓΟΥΜΕΝΙΣΣΑΣ,ΠΑΙΟΝΙΑΣ,ΚΙΛΚΙΣ,ΚΕΝΤΡΙΚΗΣ ΜΑΚΕΔΟΝΙΑΣ,ΓΟΥΜΕΝΙΣΣΑΣ,ΚΙΛΚΙΣ,ΚΕΝΤΡΙΚΗΣ ΜΑΚΕΔΟΝΙΑΣ
ΕΥΡΩΠΟΥ,ΠΑΙΟΝΙΑΣ,ΚΙΛΚΙΣ,ΚΕΝΤΡΙΚΗΣ ΜΑΚΕΔΟΝΙΑΣ,ΕΥΡΩΠΟΥ,ΚΙΛΚΙΣ,ΚΕΝΤΡΙΚΗΣ ΜΑΚΕΔΟΝΙΑΣ
ΛΙΒΑΔΙΩΝ,ΠΑΙΟΝΙΑΣ,ΚΙΛΚΙΣ,ΚΕΝΤΡΙΚΗΣ ΜΑΚΕΔΟΝΙΑΣ,ΛΙΒΑΔΙΩΝ,ΚΙΛΚΙΣ,ΚΕΝΤΡΙΚΗΣ ΜΑΚΕΔΟΝΙΑΣ
ΠΟΛΥΚΑΣΤΡΟΥ,ΠΑΙΟΝΙΑΣ,ΚΙΛΚΙΣ,ΚΕΝΤΡΙΚΗΣ ΜΑΚΕΔΟΝΙΑΣ,ΠΟΛΥΚΑΣΤΡΟΥ,ΚΙΛΚΙΣ,ΚΕΝΤΡΙΚΗΣ ΜΑΚΕΔΟΝΙΑΣ
ΑΡΙΔΑΙΑΣ,ΑΛΜΩΠΙΑΣ,ΠΕΛΛΑΣ,ΚΕΝΤΡΙΚΗΣ ΜΑΚΕΔΟΝΙΑΣ,ΑΡΙΔΑΙΑΣ,ΠΕΛΛΗΣ,ΚΕΝΤΡΙΚΗΣ ΜΑΚΕΔΟΝΙΑΣ
ΕΞΑΠΛΑΤΑΝΟΥ,ΑΛΜΩΠΙΑΣ,ΠΕΛΛΑΣ,ΚΕΝΤΡΙΚΗΣ ΜΑΚΕΔΟΝΙΑΣ,ΕΞΑΠΛΑΤΑΝΟΥ,ΠΕΛΛΗΣ,ΚΕΝΤΡΙΚΗΣ ΜΑΚΕΔΟΝΙΑΣ
ΒΕΓΟΡΙΤΙΔΑΣ,ΕΔΕΣΣΑΣ,ΠΕΛΛΑΣ,ΚΕΝΤΡΙΚΗΣ ΜΑΚΕΔΟΝΙΑΣ,ΒΕΓΟΡΙΤΙΔΑΣ,ΠΕΛΛΗΣ,ΚΕΝΤΡΙΚΗΣ ΜΑΚΕΔΟΝΙΑΣ
ΕΔΕΣΣΑΣ,ΕΔΕΣΣΑΣ,ΠΕΛΛΑΣ,ΚΕΝΤΡΙΚΗΣ ΜΑΚΕΔΟΝΙΑΣ,ΕΔΕΣΣΑΣ,ΠΕΛΛΗΣ,ΚΕΝΤΡΙΚΗΣ ΜΑΚΕΔΟΝΙΑΣ
ΓΙΑΝΝΙΤΣΩΝ,ΠΕΛΛΑΣ,ΠΕΛΛΑΣ,ΚΕΝΤΡΙΚΗΣ ΜΑΚΕΔΟΝΙΑΣ,ΓΙΑΝΝΙΤΣΩΝ,ΠΕΛΛΗΣ,ΚΕΝΤΡΙΚΗΣ ΜΑΚΕΔΟΝΙΑΣ
ΚΡΥΑΣ ΒΡΥΣΗΣ,ΠΕΛΛΑΣ,ΠΕΛΛΑΣ,ΚΕΝΤΡΙΚΗΣ ΜΑΚΕΔΟΝΙΑΣ,ΚΡΥΑΣ ΒΡΥΣΗΣ,ΠΕΛΛΗΣ,ΚΕΝΤΡΙΚΗΣ ΜΑΚΕΔΟΝΙΑΣ
ΚΥΡΡΟΥ,ΠΕΛΛΑΣ,ΠΕΛΛΑΣ,ΚΕΝΤΡΙΚΗΣ ΜΑΚΕΔΟΝΙΑΣ,ΚΥΡΡΟΥ,ΠΕΛΛΗΣ,ΚΕΝΤΡΙΚΗΣ ΜΑΚΕΔΟΝΙΑΣ
ΜΕΓΑΛΟΥ ΑΛΕΞΑΝΔΡΟΥ,ΠΕΛΛΑΣ,ΠΕΛΛΑΣ,ΚΕΝΤΡΙΚΗΣ ΜΑΚΕΔΟΝΙΑΣ,ΜΕΓΑΛΟΥ ΑΛΕΞΑΝΔΡΟΥ,ΠΕΛΛΗΣ,ΚΕΝΤΡΙΚΗΣ ΜΑΚΕΔΟΝΙΑΣ
ΠΕΛΛΑΣ,ΠΕΛΛΑΣ,ΠΕΛΛΑΣ,ΚΕΝΤΡΙΚΗΣ ΜΑΚΕΔΟΝΙΑΣ,ΠΕΛΛΑΣ,ΠΕΛΛΗΣ,ΚΕΝΤΡΙΚΗΣ ΜΑΚΕΔΟΝΙΑΣ
ΜΕΝΗΙΔΟΣ,ΣΚΥΔΡΑΣ,ΠΕΛΛΑΣ,ΚΕΝΤΡΙΚΗΣ ΜΑΚΕΔΟΝΙΑΣ,ΜΕΝΗΙΔΟΣ,ΠΕΛΛΗΣ,ΚΕΝΤΡΙΚΗΣ ΜΑΚΕΔΟΝΙΑΣ
ΣΚΥΔΡΑΣ,ΣΚΥΔΡΑΣ,ΠΕΛΛΑΣ,ΚΕΝΤΡΙΚΗΣ ΜΑΚΕΔΟΝΙΑΣ,ΣΚΥΔΡΑΣ,ΠΕΛΛΗΣ,ΚΕΝΤΡΙΚΗΣ ΜΑΚΕΔΟΝΙΑΣ
ΑΝΑΤΟΛΙΚΟΥ ΟΛΥΜΠΟΥ,ΔΙΟΥ-ΟΛΥΜΠΟΥ,ΠΙΕΡΙΑΣ,ΚΕΝΤΡΙΚΗΣ ΜΑΚΕΔΟΝΙΑΣ,ΑΝΑΤΟΛΙΚΟΥ ΟΛΥΜΠΟΥ,ΠΙΕΡΙΑΣ,ΚΕΝΤΡΙΚΗΣ ΜΑΚΕΔΟΝΙΑΣ
ΔΙΟΥ,ΔΙΟΥ-ΟΛΥΜΠΟΥ,ΠΙΕΡΙΑΣ,ΚΕΝΤΡΙΚΗΣ ΜΑΚΕΔΟΝΙΑΣ,ΔΙΟΥ,ΠΙΕΡΙΑΣ,ΚΕΝΤΡΙΚΗΣ ΜΑΚΕΔΟΝΙΑΣ
ΛΙΤΟΧΩΡΟΥ,ΔΙΟΥ-ΟΛΥΜΠΟΥ,ΠΙΕΡΙΑΣ,ΚΕΝΤΡΙΚΗΣ ΜΑΚΕΔΟΝΙΑΣ,ΛΙΤΟΧΩΡΟΥ,ΠΙΕΡΙΑΣ,ΚΕΝΤΡΙΚΗΣ ΜΑΚΕΔΟΝΙΑΣ
ΕΛΑΦΙΝΑΣ,ΚΑΤΕΡΙΝΗΣ,ΠΙΕΡΙΑΣ,ΚΕΝΤΡΙΚΗΣ ΜΑΚΕΔΟΝΙΑΣ,ΕΛΑΦΙΝΑΣ,ΠΙΕΡΙΑΣ,ΚΕΝΤΡΙΚΗΣ ΜΑΚΕΔΟΝΙΑΣ
ΚΑΤΕΡΙΝΗΣ,ΚΑΤΕΡΙΝΗΣ,ΠΙΕΡΙΑΣ,ΚΕΝΤΡΙΚΗΣ ΜΑΚΕΔΟΝΙΑΣ,ΚΑΤΕΡΙΝΗΣ,ΠΙΕΡΙΑΣ,ΚΕΝΤΡΙΚΗΣ ΜΑΚΕΔΟΝΙΑΣ
ΚΟΡΙΝΟΥ,ΚΑΤΕΡΙΝΗΣ,ΠΙΕΡΙΑΣ,ΚΕΝΤΡΙΚΗΣ ΜΑΚΕΔΟΝΙΑΣ,ΚΟΡΙΝΟΥ,ΠΙΕΡΙΑΣ,ΚΕΝΤΡΙΚΗΣ ΜΑΚΕΔΟΝΙΑΣ
ΠΑΡΑΛΙΑΣ,ΚΑΤΕΡΙΝΗΣ,ΠΙΕΡΙΑΣ,ΚΕΝΤΡΙΚΗΣ ΜΑΚΕΔΟΝΙΑΣ,ΠΑΡΑΛΙΑΣ,ΠΙΕΡΙΑΣ,ΚΕΝΤΡΙΚΗΣ ΜΑΚΕΔΟΝΙΑΣ
ΠΕΤΡΑΣ,ΚΑΤΕΡΙΝΗΣ,ΠΙΕΡΙΑΣ,ΚΕΝΤΡΙΚΗΣ ΜΑΚΕΔΟΝΙΑΣ,ΠΕΤΡΑΣ,ΠΙΕΡΙΑΣ,ΚΕΝΤΡΙΚΗΣ ΜΑΚΕΔΟΝΙΑΣ
ΠΙΕΡΙΩΝ,ΚΑΤΕΡΙΝΗΣ,ΠΙΕΡΙΑΣ,ΚΕΝΤΡΙΚΗΣ ΜΑΚΕΔΟΝΙΑΣ,ΠΙΕΡΙΩΝ,ΠΙΕΡΙΑΣ,ΚΕΝΤΡΙΚΗΣ ΜΑΚΕΔΟΝΙΑΣ
ΑΙΓΙΝΙΟΥ,ΠΥΔΝΑΣ-ΚΟΛΙΝΔΡΟΥ,ΠΙΕΡΙΑΣ,ΚΕΝΤΡΙΚΗΣ ΜΑΚΕΔΟΝΙΑΣ,ΑΙΓΙΝΙΟΥ,ΠΙΕΡΙΑΣ,ΚΕΝΤΡΙΚΗΣ ΜΑΚΕΔΟΝΙΑΣ
ΚΟΛΙΝΔΡΟΥ,ΠΥΔΝΑΣ-ΚΟΛΙΝΔΡΟΥ,ΠΙΕΡΙΑΣ,ΚΕΝΤΡΙΚΗΣ ΜΑΚΕΔΟΝΙΑΣ,ΚΟΛΙΝΔΡΟΥ,ΠΙΕΡΙΑΣ,ΚΕΝΤΡΙΚΗΣ ΜΑΚΕΔΟΝΙΑΣ
ΜΕΘΩΝΗΣ,ΠΥΔΝΑΣ-ΚΟΛΙΝΔΡΟΥ,ΠΙΕΡΙΑΣ,ΚΕΝΤΡΙΚΗΣ ΜΑΚΕΔΟΝΙΑΣ,ΜΕΘΩΝΗΣ,ΠΙΕΡΙΑΣ,ΚΕΝΤΡΙΚΗΣ ΜΑΚΕΔΟΝΙΑΣ
ΠΥΔΝΑΣ,ΠΥΔΝΑΣ-ΚΟΛΙΝΔΡΟΥ,ΠΙΕΡΙΑΣ,ΚΕΝΤΡΙΚΗΣ ΜΑΚΕΔΟΝΙΑΣ,ΠΥΔΝΑΣ,ΠΙΕΡΙΑΣ,ΚΕΝΤΡΙΚΗΣ ΜΑΚΕΔΟΝΙΑΣ
ΑΜΦΙΠΟΛΗΣ,ΑΜΦΙΠΟΛΗΣ,ΣΕΡΡΩΝ,ΚΕΝΤΡΙΚΗΣ ΜΑΚΕΔΟΝΙΑΣ,ΑΜΦΙΠΟΛΗΣ,ΣΕΡΡΩΝ,ΚΕΝΤΡΙΚΗΣ ΜΑΚΕΔΟΝΙΑΣ
ΚΟΡΜΙΣΤΑΣ,ΑΜΦΙΠΟΛΗΣ,ΣΕΡΡΩΝ,ΚΕΝΤΡΙΚΗΣ ΜΑΚΕΔΟΝΙΑΣ,ΚΟΡΜΙΣΤΑΣ,ΣΕΡΡΩΝ,ΚΕΝΤΡΙΚΗΣ ΜΑΚΕΔΟΝΙΑΣ
ΠΡΩΤΗΣ,ΑΜΦΙΠΟΛΗΣ,ΣΕΡΡΩΝ,ΚΕΝΤΡΙΚΗΣ ΜΑΚΕΔΟΝΙΑΣ,ΠΡΩΤΗΣ,ΣΕΡΡΩΝ,ΚΕΝΤΡΙΚΗΣ ΜΑΚΕΔΟΝΙΑΣ
ΡΟΔΟΛΙΒΟΥΣ,ΑΜΦΙΠΟΛΗΣ,ΣΕΡΡΩΝ,ΚΕΝΤΡΙΚΗΣ ΜΑΚΕΔΟΝΙΑΣ,ΡΟΔΟΛΙΒΟΥΣ,ΣΕΡΡΩΝ,ΚΕΝΤΡΙΚΗΣ ΜΑΚΕΔΟΝΙΑΣ
ΑΧΙΝΟΥ,ΒΙΣΑΛΤΙΑΣ,ΣΕΡΡΩΝ,ΚΕΝΤΡΙΚΗΣ ΜΑΚΕΔΟΝΙΑΣ,ΑΧΙΝΟΥ,ΣΕΡΡΩΝ,ΚΕΝΤΡΙΚΗΣ ΜΑΚΕΔΟΝΙΑΣ
ΒΙΣΑΛΤΙΑΣ,ΒΙΣΑΛΤΙΑΣ,ΣΕΡΡΩΝ,ΚΕΝΤΡΙΚΗΣ ΜΑΚΕΔΟΝΙΑΣ,ΒΙΣΑΛΤΙΑΣ,ΣΕΡΡΩΝ,ΚΕΝΤΡΙΚΗΣ ΜΑΚΕΔΟΝΙΑΣ
ΝΙΓΡΙΤΗΣ,ΒΙΣΑΛΤΙΑΣ,ΣΕΡΡΩΝ,ΚΕΝΤΡΙΚΗΣ ΜΑΚΕΔΟΝΙΑΣ,ΝΙΓΡΙΤΗΣ,ΣΕΡΡΩΝ,ΚΕΝΤΡΙΚΗΣ ΜΑΚΕΔΟΝΙΑΣ
ΤΡΑΓΙΛΟΥ,ΒΙΣΑΛΤΙΑΣ,ΣΕΡΡΩΝ,ΚΕΝΤΡΙΚΗΣ ΜΑΚΕΔΟΝΙΑΣ,ΤΡΑΓΙΛΟΥ,ΣΕΡΡΩΝ,ΚΕΝΤΡΙΚΗΣ ΜΑΚΕΔΟΝΙΑΣ
ΕΜΜΑΝΟΥΗΛ ΠΑΠΠΑ,ΕΜΜΑΝΟΥΗΛ ΠΑΠΠΑ,ΣΕΡΡΩΝ,ΚΕΝΤΡΙΚΗΣ ΜΑΚΕΔΟΝΙΑΣ,ΕΜΜΑΝΟΥΗΛ ΠΑΠΠΑ,ΣΕΡΡΩΝ,ΚΕΝΤΡΙΚΗΣ ΜΑΚΕΔΟΝΙΑΣ
ΣΤΡΥΜΩΝΑ,ΕΜΜΑΝΟΥΗΛ ΠΑΠΠΑ,ΣΕΡΡΩΝ,ΚΕΝΤΡΙΚΗΣ ΜΑΚΕΔΟΝΙΑΣ,ΣΤΡΥΜΩΝΑ,ΣΕΡΡΩΝ,ΚΕΝΤΡΙΚΗΣ ΜΑΚΕΔΟΝΙΑΣ
ΗΡΑΚΛΕΙΑΣ,ΗΡΑΚΛΕΙΑΣ,ΣΕΡΡΩΝ,ΚΕΝΤΡΙΚΗΣ ΜΑΚΕΔΟΝΙΑΣ,ΗΡΑΚΛΕΙΑΣ,ΣΕΡΡΩΝ,ΚΕΝΤΡΙΚΗΣ ΜΑΚΕΔΟΝΙΑΣ
ΣΚΟΤΟΥΣΣΗΣ,ΗΡΑΚΛΕΙΑΣ,ΣΕΡΡΩΝ,ΚΕΝΤΡΙΚΗΣ ΜΑΚΕΔΟΝΙΑΣ,ΣΚΟΤΟΥΣΣΗΣ,ΣΕΡΡΩΝ,ΚΕΝΤΡΙΚΗΣ ΜΑΚΕΔΟΝΙΑΣ
ΣΤΡΥΜΟΝΙΚΟΥ,ΗΡΑΚΛΕΙΑΣ,ΣΕΡΡΩΝ,ΚΕΝΤΡΙΚΗΣ ΜΑΚΕΔΟΝΙΑΣ,ΣΤΡΥΜΟΝΙΚΟΥ,ΣΕΡΡΩΝ,ΚΕΝΤΡΙΚΗΣ ΜΑΚΕΔΟΝΙΑΣ
ΑΛΙΣΤΡΑΤΗΣ,ΝΕΑΣ ΖΙΧΝΗΣ,ΣΕΡΡΩΝ,ΚΕΝΤΡΙΚΗΣ ΜΑΚΕΔΟΝΙΑΣ,ΑΛΙΣΤΡΑΤΗΣ,ΣΕΡΡΩΝ,ΚΕΝΤΡΙΚΗΣ ΜΑΚΕΔΟΝΙΑΣ
ΝΕΑΣ ΖΙΧΝΗΣ,ΝΕΑΣ ΖΙΧΝΗΣ,ΣΕΡΡΩΝ,ΚΕΝΤΡΙΚΗΣ ΜΑΚΕΔΟΝΙΑΣ,ΝΕΑΣ ΖΙΧΝΗΣ,ΣΕΡΡΩΝ,ΚΕΝΤΡΙΚΗΣ ΜΑΚΕΔΟΝΙΑΣ
ΑΝΩ ΒΡΟΝΤΟΥΣ,ΣΕΡΡΩΝ,ΣΕΡΡΩΝ,ΚΕΝΤΡΙΚΗΣ ΜΑΚΕΔΟΝΙΑΣ,ΑΝΩ ΒΡΟΝΤΟΥΣ,ΣΕΡΡΩΝ,ΚΕΝΤΡΙΚΗΣ ΜΑΚΕΔΟΝΙΑΣ
ΚΑΠΕΤΑΝ  ΜΗΤΡΟΥΣΙΟΥ,ΣΕΡΡΩΝ,ΣΕΡΡΩΝ,ΚΕΝΤΡΙΚΗΣ ΜΑΚΕΔΟΝΙΑΣ,ΚΑΠΕΤΑΝ  ΜΗΤΡΟΥΣΙΟΥ,ΣΕΡΡΩΝ,ΚΕΝΤΡΙΚΗΣ ΜΑΚΕΔΟΝΙΑΣ
ΛΕΥΚΩΝΑ,ΣΕΡΡΩΝ,ΣΕΡΡΩΝ,ΚΕΝΤΡΙΚΗΣ ΜΑΚΕΔΟΝΙΑΣ,ΛΕΥΚΩΝΑ,ΣΕΡΡΩΝ,ΚΕΝΤΡΙΚΗΣ ΜΑΚΕΔΟΝΙΑΣ
ΟΡΕΙΝΗΣ,ΣΕΡΡΩΝ,ΣΕΡΡΩΝ,ΚΕΝΤΡΙΚΗΣ ΜΑΚΕΔΟΝΙΑΣ,ΟΡΕΙΝΗΣ,ΣΕΡΡΩΝ,ΚΕΝΤΡΙΚΗΣ ΜΑΚΕΔΟΝΙΑΣ
ΣΕΡΡΩΝ,ΣΕΡΡΩΝ,ΣΕΡΡΩΝ,ΚΕΝΤΡΙΚΗΣ ΜΑΚΕΔΟΝΙΑΣ,ΣΕΡΡΩΝ,ΣΕΡΡΩΝ,ΚΕΝΤΡΙΚΗΣ ΜΑΚΕΔΟΝΙΑΣ
ΣΚΟΥΤΑΡΕΩΣ,ΣΕΡΡΩΝ,ΣΕΡΡΩΝ,ΚΕΝΤΡΙΚΗΣ ΜΑΚΕΔΟΝΙΑΣ,ΣΚΟΥΤΑΡΕΩΣ,ΣΕΡΡΩΝ,ΚΕΝΤΡΙΚΗΣ ΜΑΚΕΔΟΝΙΑΣ
ΑΓΚΙΣΤΡΟΥ,ΣΙΝΤΙΚΗΣ,ΣΕΡΡΩΝ,ΚΕΝΤΡΙΚΗΣ ΜΑΚΕΔΟΝΙΑΣ,ΑΓΚΙΣΤΡΟΥ,ΣΕΡΡΩΝ,ΚΕΝΤΡΙΚΗΣ ΜΑΚΕΔΟΝΙΑΣ
ΑΧΛΑΔΟΧΩΡΙΟΥ,ΣΙΝΤΙΚΗΣ,ΣΕΡΡΩΝ,ΚΕΝΤΡΙΚΗΣ ΜΑΚΕΔΟΝΙΑΣ,ΑΧΛΑΔΟΧΩΡΙΟΥ,ΣΕΡΡΩΝ,ΚΕΝΤΡΙΚΗΣ ΜΑΚΕΔΟΝΙΑΣ
ΚΕΡΚΙΝΗΣ,ΣΙΝΤΙΚΗΣ,ΣΕΡΡΩΝ,ΚΕΝΤΡΙΚΗΣ ΜΑΚΕΔΟΝΙΑΣ,ΚΕΡΚΙΝΗΣ,ΣΕΡΡΩΝ,ΚΕΝΤΡΙΚΗΣ ΜΑΚΕΔΟΝΙΑΣ
ΠΕΤΡΙΤΣΙΟΥ,ΣΙΝΤΙΚΗΣ,ΣΕΡΡΩΝ,ΚΕΝΤΡΙΚΗΣ ΜΑΚΕΔΟΝΙΑΣ,ΠΕΤΡΙΤΣΙΟΥ,ΣΕΡΡΩΝ,ΚΕΝΤΡΙΚΗΣ ΜΑΚΕΔΟΝΙΑΣ
ΠΡΟΜΑΧΩΝΟΣ,ΣΙΝΤΙΚΗΣ,ΣΕΡΡΩΝ,ΚΕΝΤΡΙΚΗΣ ΜΑΚΕΔΟΝΙΑΣ,ΠΡΟΜΑΧΩΝΟΣ,ΣΕΡΡΩΝ,ΚΕΝΤΡΙΚΗΣ ΜΑΚΕΔΟΝΙΑΣ
ΣΙΔΗΡΟΚΑΣΤΡΟΥ,ΣΙΝΤΙΚΗΣ,ΣΕΡΡΩΝ,ΚΕΝΤΡΙΚΗΣ ΜΑΚΕΔΟΝΙΑΣ,ΣΙΔΗΡΟΚΑΣΤΡΟΥ,ΣΕΡΡΩΝ,ΚΕΝΤΡΙΚΗΣ ΜΑΚΕΔΟΝΙΑΣ
ΑΡΝΑΙΑΣ,ΑΡΙΣΤΟΤΕΛΗ,ΧΑΛΚΙΔΙΚΗΣ,ΚΕΝΤΡΙΚΗΣ ΜΑΚΕΔΟΝΙΑΣ,ΑΡΝΑΙΑΣ,ΧΑΛΚΙΔΙΚΗΣ,ΚΕΝΤΡΙΚΗΣ ΜΑΚΕΔΟΝΙΑΣ
ΠΑΝΑΓΙΑΣ,ΑΡΙΣΤΟΤΕΛΗ,ΧΑΛΚΙΔΙΚΗΣ,ΚΕΝΤΡΙΚΗΣ ΜΑΚΕΔΟΝΙΑΣ,ΠΑΝΑΓΙΑΣ,ΧΑΛΚΙΔΙΚΗΣ,ΚΕΝΤΡΙΚΗΣ ΜΑΚΕΔΟΝΙΑΣ
ΣΤΑΓΕΙΡΩΝ-ΑΚΑΝΘΟΥ,ΑΡΙΣΤΟΤΕΛΗ,ΧΑΛΚΙΔΙΚΗΣ,ΚΕΝΤΡΙΚΗΣ ΜΑΚΕΔΟΝΙΑΣ,ΣΤΑΓΕΙΡΩΝ-ΑΚΑΝΘΟΥ,ΧΑΛΚΙΔΙΚΗΣ,ΚΕΝΤΡΙΚΗΣ ΜΑΚΕΔΟΝΙΑΣ
ΚΑΣΣΑΝΔΡΑΣ,ΚΑΣΣΑΝΔΡΑΣ,ΧΑΛΚΙΔΙΚΗΣ,ΚΕΝΤΡΙΚΗΣ ΜΑΚΕΔΟΝΙΑΣ,ΚΑΣΣΑΝΔΡΑΣ,ΧΑΛΚΙΔΙΚΗΣ,ΚΕΝΤΡΙΚΗΣ ΜΑΚΕΔΟΝΙΑΣ
ΠΑΛΛΗΝΗΣ,ΚΑΣΣΑΝΔΡΑΣ,ΧΑΛΚΙΔΙΚΗΣ,ΚΕΝΤΡΙΚΗΣ ΜΑΚΕΔΟΝΙΑΣ,ΠΑΛΛΗΝΗΣ,ΧΑΛΚΙΔΙΚΗΣ,ΚΕΝΤΡΙΚΗΣ ΜΑΚΕΔΟΝΙΑΣ
ΚΑΛΛΙΚΡΑΤΕΙΑΣ,ΝΕΑΣ ΠΡΟΠΟΝΤΙΔΑΣ,ΧΑΛΚΙΔΙΚΗΣ,ΚΕΝΤΡΙΚΗΣ ΜΑΚΕΔΟΝΙΑΣ,ΚΑΛΛΙΚΡΑΤΕΙΑΣ,ΧΑΛΚΙΔΙΚΗΣ,ΚΕΝΤΡΙΚΗΣ ΜΑΚΕΔΟΝΙΑΣ
ΜΟΥΔΑΝΙΩΝ,ΝΕΑΣ ΠΡΟΠΟΝΤΙΔΑΣ,ΧΑΛΚΙΔΙΚΗΣ,ΚΕΝΤΡΙΚΗΣ ΜΑΚΕΔΟΝΙΑΣ,ΜΟΥΔΑΝΙΩΝ,ΧΑΛΚΙΔΙΚΗΣ,ΚΕΝΤΡΙΚΗΣ ΜΑΚΕΔΟΝΙΑΣ
ΤΡΙΓΛΙΑΣ,ΝΕΑΣ ΠΡΟΠΟΝΤΙΔΑΣ,ΧΑΛΚΙΔΙΚΗΣ,ΚΕΝΤΡΙΚΗΣ ΜΑΚΕΔΟΝΙΑΣ,ΤΡΙΓΛΙΑΣ,ΧΑΛΚΙΔΙΚΗΣ,ΚΕΝΤΡΙΚΗΣ ΜΑΚΕΔΟΝΙΑΣ
ΑΝΘΕΜΟΥΝΤΑ,ΠΟΛΥΓΥΡΟΥ,ΧΑΛΚΙΔΙΚΗΣ,ΚΕΝΤΡΙΚΗΣ ΜΑΚΕΔΟΝΙΑΣ,ΑΝΘΕΜΟΥΝΤΑ,ΧΑΛΚΙΔΙΚΗΣ,ΚΕΝΤΡΙΚΗΣ ΜΑΚΕΔΟΝΙΑΣ
ΖΕΡΒΟΧΩΡΙΩΝ,ΠΟΛΥΓΥΡΟΥ,ΧΑΛΚΙΔΙΚΗΣ,ΚΕΝΤΡΙΚΗΣ ΜΑΚΕΔΟΝΙΑΣ,ΖΕΡΒΟΧΩΡΙΩΝ,ΧΑΛΚΙΔΙΚΗΣ,ΚΕΝΤΡΙΚΗΣ ΜΑΚΕΔΟΝΙΑΣ
ΟΡΜΥΛΙΑΣ,ΠΟΛΥΓΥΡΟΥ,ΧΑΛΚΙΔΙΚΗΣ,ΚΕΝΤΡΙΚΗΣ ΜΑΚΕΔΟΝΙΑΣ,ΟΡΜΥΛΙΑΣ,ΧΑΛΚΙΔΙΚΗΣ,ΚΕΝΤΡΙΚΗΣ ΜΑΚΕΔΟΝΙΑΣ
ΠΟΛΥΓΥΡΟΥ,ΠΟΛΥΓΥΡΟΥ,ΧΑΛΚΙΔΙΚΗΣ,ΚΕΝΤΡΙΚΗΣ ΜΑΚΕΔΟΝΙΑΣ,ΠΟΛΥΓΥΡΟΥ,ΧΑΛΚΙΔΙΚΗΣ,ΚΕΝΤΡΙΚΗΣ ΜΑΚΕΔΟΝΙΑΣ
ΣΙΘΩΝΙΑΣ,ΣΙΘΩΝΙΑΣ,ΧΑΛΚΙΔΙΚΗΣ,ΚΕΝΤΡΙΚΗΣ ΜΑΚΕΔΟΝΙΑΣ,ΣΙΘΩΝΙΑΣ,ΧΑΛΚΙΔΙΚΗΣ,ΚΕΝΤΡΙΚΗΣ ΜΑΚΕΔΟΝΙΑΣ
ΤΟΡΩΝΗΣ,ΣΙΘΩΝΙΑΣ,ΧΑΛΚΙΔΙΚΗΣ,ΚΕΝΤΡΙΚΗΣ ΜΑΚΕΔΟΝΙΑΣ,ΤΟΡΩΝΗΣ,ΧΑΛΚΙΔΙΚΗΣ,ΚΕΝΤΡΙΚΗΣ ΜΑΚΕΔΟΝΙΑΣ
ΑΒΔΕΛΛΑΣ,ΓΡΕΒΕΝΩΝ,ΓΡΕΒΕΝΩΝ,ΔΥΤΙΚΗΣ ΜΑΚΕΔΟΝΙΑΣ,ΑΒΔΕΛΛΑΣ,ΓΡΕΒΕΝΩΝ,ΔΥΤΙΚΗΣ ΜΑΚΕΔΟΝΙΑΣ
ΑΓΙΟΥ ΚΟΣΜΑ,ΓΡΕΒΕΝΩΝ,ΓΡΕΒΕΝΩΝ,ΔΥΤΙΚΗΣ ΜΑΚΕΔΟΝΙΑΣ,ΑΓΙΟΥ ΚΟΣΜΑ,ΓΡΕΒΕΝΩΝ,ΔΥΤΙΚΗΣ ΜΑΚΕΔΟΝΙΑΣ
ΒΕΝΤΖΙΟΥ,ΓΡΕΒΕΝΩΝ,ΓΡΕΒΕΝΩΝ,ΔΥΤΙΚΗΣ ΜΑΚΕΔΟΝΙΑΣ,ΒΕΝΤΖΙΟΥ,ΓΡΕΒΕΝΩΝ,ΔΥΤΙΚΗΣ ΜΑΚΕΔΟΝΙΑΣ
ΓΟΡΓΙΑΝΗΣ,ΓΡΕΒΕΝΩΝ,ΓΡΕΒΕΝΩΝ,ΔΥΤΙΚΗΣ ΜΑΚΕΔΟΝΙΑΣ,ΓΟΡΓΙΑΝΗΣ,ΓΡΕΒΕΝΩΝ,ΔΥΤΙΚΗΣ ΜΑΚΕΔΟΝΙΑΣ
ΓΡΕΒΕΝΩΝ,ΓΡΕΒΕΝΩΝ,ΓΡΕΒΕΝΩΝ,ΔΥΤΙΚΗΣ ΜΑΚΕΔΟΝΙΑΣ,ΓΡΕΒΕΝΩΝ,ΓΡΕΒΕΝΩΝ,ΔΥΤΙΚΗΣ ΜΑΚΕΔΟΝΙΑΣ
ΔΟΤΣΙΚΟΥ,ΓΡΕΒΕΝΩΝ,ΓΡΕΒΕΝΩΝ,ΔΥΤΙΚΗΣ ΜΑΚΕΔΟΝΙΑΣ,ΔΟΤΣΙΚΟΥ,ΓΡΕΒΕΝΩΝ,ΔΥΤΙΚΗΣ ΜΑΚΕΔΟΝΙΑΣ
ΗΡΑΚΛΕΩΤΩΝ,ΓΡΕΒΕΝΩΝ,ΓΡΕΒΕΝΩΝ,ΔΥΤΙΚΗΣ ΜΑΚΕΔΟΝΙΑΣ,ΗΡΑΚΛΕΩΤΩΝ,ΓΡΕΒΕΝΩΝ,ΔΥΤΙΚΗΣ ΜΑΚΕΔΟΝΙΑΣ
ΘΕΟΔΩΡΟΥ ΖΙΑΚΑ,ΓΡΕΒΕΝΩΝ,ΓΡΕΒΕΝΩΝ,ΔΥΤΙΚΗΣ ΜΑΚΕΔΟΝΙΑΣ,ΘΕΟΔΩΡΟΥ ΖΙΑΚΑ,ΓΡΕΒΕΝΩΝ,ΔΥΤΙΚΗΣ ΜΑΚΕΔΟΝΙΑΣ
ΜΕΣΟΛΟΥΡΙΟΥ,ΓΡΕΒΕΝΩΝ,ΓΡΕΒΕΝΩΝ,ΔΥΤΙΚΗΣ ΜΑΚΕΔΟΝΙΑΣ,ΜΕΣΟΛΟΥΡΙΟΥ,ΓΡΕΒΕΝΩΝ,ΔΥΤΙΚΗΣ ΜΑΚΕΔΟΝΙΑΣ
ΠΕΡΙΒΟΛΙΟΥ,ΓΡΕΒΕΝΩΝ,ΓΡΕΒΕΝΩΝ,ΔΥΤΙΚΗΣ ΜΑΚΕΔΟΝΙΑΣ,ΠΕΡΙΒΟΛΙΟΥ,ΓΡΕΒΕΝΩΝ,ΔΥΤΙΚΗΣ ΜΑΚΕΔΟΝΙΑΣ
ΣΑΜΑΡΙΝΑΣ,ΓΡΕΒΕΝΩΝ,ΓΡΕΒΕΝΩΝ,ΔΥΤΙΚΗΣ ΜΑΚΕΔΟΝΙΑΣ,ΣΑΜΑΡΙΝΑ,ΓΡΕΒΕΝΩΝ,ΔΥΤΙΚΗΣ ΜΑΚΕΔΟΝΙΑΣ
ΣΜΙΞΗΣ,ΓΡΕΒΕΝΩΝ,ΓΡΕΒΕΝΩΝ,ΔΥΤΙΚΗΣ ΜΑΚΕΔΟΝΙΑΣ,ΣΜΙΞΗΣ,ΓΡΕΒΕΝΩΝ,ΔΥΤΙΚΗΣ ΜΑΚΕΔΟΝΙΑΣ
ΦΙΛΙΠΠΑΙΩΝ,ΓΡΕΒΕΝΩΝ,ΓΡΕΒΕΝΩΝ,ΔΥΤΙΚΗΣ ΜΑΚΕΔΟΝΙΑΣ,ΦΙΛΙΠΠΑΙΩΝ,ΓΡΕΒΕΝΩΝ,ΔΥΤΙΚΗΣ ΜΑΚΕΔΟΝΙΑΣ
ΔΕΣΚΑΤΗΣ,ΔΕΣΚΑΤΗΣ,ΓΡΕΒΕΝΩΝ,ΔΥΤΙΚΗΣ ΜΑΚΕΔΟΝΙΑΣ,ΔΕΣΚΑΤΗΣ,ΓΡΕΒΕΝΩΝ,ΔΥΤΙΚΗΣ ΜΑΚΕΔΟΝΙΑΣ
ΧΑΣΙΩΝ,ΔΕΣΚΑΤΗΣ,ΓΡΕΒΕΝΩΝ,ΔΥΤΙΚΗΣ ΜΑΚΕΔΟΝΙΑΣ,ΧΑΣΙΩΝ,ΓΡΕΒΕΝΩΝ,ΔΥΤΙΚΗΣ ΜΑΚΕΔΟΝΙΑΣ
ΑΓΙΑΣ ΤΡΙΑΔΟΣ,ΚΑΣΤΟΡΙΑΣ,ΚΑΣΤΟΡΙΑΣ,ΔΥΤΙΚΗΣ ΜΑΚΕΔΟΝΙΑΣ,ΑΓΙΑΣ ΤΡΙΑΔΟΣ,ΚΑΣΤΟΡΙΑΣ,ΔΥΤΙΚΗΣ ΜΑΚΕΔΟΝΙΑΣ
ΑΓΙΩΝ ΑΝΑΡΓΥΡΩΝ,ΚΑΣΤΟΡΙΑΣ,ΚΑΣΤΟΡΙΑΣ,ΔΥΤΙΚΗΣ ΜΑΚΕΔΟΝΙΑΣ,ΑΓΙΩΝ ΑΝΑΡΓΥΡΩΝ,ΚΑΣΤΟΡΙΑΣ,ΔΥΤΙΚΗΣ ΜΑΚΕΔΟΝΙΑΣ
ΒΙΤΣΙΟΥ,ΚΑΣΤΟΡΙΑΣ,ΚΑΣΤΟΡΙΑΣ,ΔΥΤΙΚΗΣ ΜΑΚΕΔΟΝΙΑΣ,ΒΙΤΣΙΟΥ,ΚΑΣΤΟΡΙΑΣ,ΔΥΤΙΚΗΣ ΜΑΚΕΔΟΝΙΑΣ
ΚΑΣΤΟΡΙΑΣ,ΚΑΣΤΟΡΙΑΣ,ΚΑΣΤΟΡΙΑΣ,ΔΥΤΙΚΗΣ ΜΑΚΕΔΟΝΙΑΣ,ΚΑΣΤΟΡΙΑΣ,ΚΑΣΤΟΡΙΑΣ,ΔΥΤΙΚΗΣ ΜΑΚΕΔΟΝΙΑΣ
ΚΑΣΤΡΑΚΙΟΥ,ΚΑΣΤΟΡΙΑΣ,ΚΑΣΤΟΡΙΑΣ,ΔΥΤΙΚΗΣ ΜΑΚΕΔΟΝΙΑΣ,ΚΑΣΤΡΑΚΙΟΥ,ΚΑΣΤΟΡΙΑΣ,ΔΥΤΙΚΗΣ ΜΑΚΕΔΟΝΙΑΣ
ΚΛΕΙΣΟΥΡΑΣ,ΚΑΣΤΟΡΙΑΣ,ΚΑΣΤΟΡΙΑΣ,ΔΥΤΙΚΗΣ ΜΑΚΕΔΟΝΙΑΣ,ΚΛΕΙΣΟΥΡΑΣ,ΚΑΣΤΟΡΙΑΣ,ΔΥΤΙΚΗΣ ΜΑΚΕΔΟΝΙΑΣ
ΚΟΡΕΣΤΙΩΝ,ΚΑΣΤΟΡΙΑΣ,ΚΑΣΤΟΡΙΑΣ,ΔΥΤΙΚΗΣ ΜΑΚΕΔΟΝΙΑΣ,ΚΟΡΕΣΤΙΩΝ,ΚΑΣΤΟΡΙΑΣ,ΔΥΤΙΚΗΣ ΜΑΚΕΔΟΝΙΑΣ
ΜΑΚΕΔΝΩΝ,ΚΑΣΤΟΡΙΑΣ,ΚΑΣΤΟΡΙΑΣ,ΔΥΤΙΚΗΣ ΜΑΚΕΔΟΝΙΑΣ,ΜΑΚΕΔΝΩΝ,ΚΑΣΤΟΡΙΑΣ,ΔΥΤΙΚΗΣ ΜΑΚΕΔΟΝΙΑΣ
ΜΕΣΟΠΟΤΑΜΙΑΣ,ΚΑΣΤΟΡΙΑΣ,ΚΑΣΤΟΡΙΑΣ,ΔΥΤΙΚΗΣ ΜΑΚΕΔΟΝΙΑΣ,ΜΕΣΟΠΟΤΑΜΙΑΣ,ΚΑΣΤΟΡΙΑΣ,ΔΥΤΙΚΗΣ ΜΑΚΕΔΟΝΙΑΣ
ΑΚΡΙΤΩΝ,ΝΕΣΤΟΡΙΟΥ,ΚΑΣΤΟΡΙΑΣ,ΔΥΤΙΚΗΣ ΜΑΚΕΔΟΝΙΑΣ,ΑΚΡΙΤΩΝ,ΚΑΣΤΟΡΙΑΣ,ΔΥΤΙΚΗΣ ΜΑΚΕΔΟΝΙΑΣ
ΑΡΡΕΝΩΝ,ΝΕΣΤΟΡΙΟΥ,ΚΑΣΤΟΡΙΑΣ,ΔΥΤΙΚΗΣ ΜΑΚΕΔΟΝΙΑΣ,ΑΡΡΕΝΩΝ,ΚΑΣΤΟΡΙΑΣ,ΔΥΤΙΚΗΣ ΜΑΚΕΔΟΝΙΑΣ
ΓΡΑΜΟΥ,ΝΕΣΤΟΡΙΟΥ,ΚΑΣΤΟΡΙΑΣ,ΔΥΤΙΚΗΣ ΜΑΚΕΔΟΝΙΑΣ,ΓΡΑΜΟΥ,ΚΑΣΤΟΡΙΑΣ,ΔΥΤΙΚΗΣ ΜΑΚΕΔΟΝΙΑΣ
ΝΕΣΤΟΡΙΟΥ,ΝΕΣΤΟΡΙΟΥ,ΚΑΣΤΟΡΙΑΣ,ΔΥΤΙΚΗΣ ΜΑΚΕΔΟΝΙΑΣ,ΝΕΣΤΟΡΙΟΥ,ΚΑΣΤΟΡΙΑΣ,ΔΥΤΙΚΗΣ ΜΑΚΕΔΟΝΙΑΣ
ΑΡΓΟΥΣ ΟΡΕΣΤΙΚΟΥ,ΟΡΕΣΤΙΔΟΣ,ΚΑΣΤΟΡΙΑΣ,ΔΥΤΙΚΗΣ ΜΑΚΕΔΟΝΙΑΣ,ΑΡΓΟΥΣ ΟΡΕΣΤΙΚΟΥ,ΚΑΣΤΟΡΙΑΣ,ΔΥΤΙΚΗΣ ΜΑΚΕΔΟΝΙΑΣ
ΙΩΝΟΣ ΔΡΑΓΟΥΜΗ,ΟΡΕΣΤΙΔΟΣ,ΚΑΣΤΟΡΙΑΣ,ΔΥΤΙΚΗΣ ΜΑΚΕΔΟΝΙΑΣ,ΙΩΝΟΣ ΔΡΑΓΟΥΜΗ,ΚΑΣΤΟΡΙΑΣ,ΔΥΤΙΚΗΣ ΜΑΚΕΔΟΝΙΑΣ
ΑΣΚΙΟΥ,ΒΟΪΟΥ,ΚΟΖΑΝΗΣ,ΔΥΤΙΚΗΣ ΜΑΚΕΔΟΝΙΑΣ,ΑΣΚΙΟΥ,ΚΟΖΑΝΗΣ,ΔΥΤΙΚΗΣ ΜΑΚΕΔΟΝΙΑΣ
ΝΕΑΠΟΛΗΣ,ΒΟΪΟΥ,ΚΟΖΑΝΗΣ,ΔΥΤΙΚΗΣ ΜΑΚΕΔΟΝΙΑΣ,ΝΕΑΠΟΛΗΣ,ΚΟΖΑΝΗΣ,ΔΥΤΙΚΗΣ ΜΑΚΕΔΟΝΙΑΣ
ΠΕΝΤΑΛΟΦΟΥ,ΒΟΪΟΥ,ΚΟΖΑΝΗΣ,ΔΥΤΙΚΗΣ ΜΑΚΕΔΟΝΙΑΣ,ΠΕΝΤΑΛΟΦΟΥ,ΚΟΖΑΝΗΣ,ΔΥΤΙΚΗΣ ΜΑΚΕΔΟΝΙΑΣ
ΣΙΑΤΙΣΤΑΣ,ΒΟΪΟΥ,ΚΟΖΑΝΗΣ,ΔΥΤΙΚΗΣ ΜΑΚΕΔΟΝΙΑΣ,ΣΙΑΤΙΣΤΑΣ,ΚΟΖΑΝΗΣ,ΔΥΤΙΚΗΣ ΜΑΚΕΔΟΝΙΑΣ
ΤΣΟΤΥΛΙΟΥ,ΒΟΪΟΥ,ΚΟΖΑΝΗΣ,ΔΥΤΙΚΗΣ ΜΑΚΕΔΟΝΙΑΣ,ΤΣΟΤΥΛΙΟΥ,ΚΟΖΑΝΗΣ,ΔΥΤΙΚΗΣ ΜΑΚΕΔΟΝΙΑΣ
ΑΓΙΑΣ ΠΑΡΑΣΚΕΥΗΣ,ΕΟΡΔΑΙΑΣ,ΚΟΖΑΝΗΣ,ΔΥΤΙΚΗΣ ΜΑΚΕΔΟΝΙΑΣ,ΑΓΙΑΣ ΠΑΡΑΣΚΕΥΗΣ,ΚΟΖΑΝΗΣ,ΔΥΤΙΚΗΣ ΜΑΚΕΔΟΝΙΑΣ
ΒΕΡΜΙΟΥ,ΕΟΡΔΑΙΑΣ,ΚΟΖΑΝΗΣ,ΔΥΤΙΚΗΣ ΜΑΚΕΔΟΝΙΑΣ,ΒΕΡΜΙΟΥ,ΚΟΖΑΝΗΣ,ΔΥΤΙΚΗΣ ΜΑΚΕΔΟΝΙΑΣ
ΒΛΑΣΤΗΣ,ΕΟΡΔΑΙΑΣ,ΚΟΖΑΝΗΣ,ΔΥΤΙΚΗΣ ΜΑΚΕΔΟΝΙΑΣ,ΒΛΑΣΤΗΣ,ΚΟΖΑΝΗΣ,ΔΥΤΙΚΗΣ ΜΑΚΕΔΟΝΙΑΣ
ΜΟΥΡΙΚΙΟΥ,ΕΟΡΔΑΙΑΣ,ΚΟΖΑΝΗΣ,ΔΥΤΙΚΗΣ ΜΑΚΕΔΟΝΙΑΣ,ΜΟΥΡΙΚΙΟΥ,ΚΟΖΑΝΗΣ,ΔΥΤΙΚΗΣ ΜΑΚΕΔΟΝΙΑΣ
ΠΤΟΛΕΜΑΪΔΑΣ,ΕΟΡΔΑΙΑΣ,ΚΟΖΑΝΗΣ,ΔΥΤΙΚΗΣ ΜΑΚΕΔΟΝΙΑΣ,ΠΤΟΛΕΜΑΪΔΑΣ,ΚΟΖΑΝΗΣ,ΔΥΤΙΚΗΣ ΜΑΚΕΔΟΝΙΑΣ
ΑΙΑΝΗΣ,ΚΟΖΑΝΗΣ,ΚΟΖΑΝΗΣ,ΔΥΤΙΚΗΣ ΜΑΚΕΔΟΝΙΑΣ,ΑΙΑΝΗΣ,ΚΟΖΑΝΗΣ,ΔΥΤΙΚΗΣ ΜΑΚΕΔΟΝΙΑΣ
ΔΗΜΗΤΡΙΟΥ ΥΨΗΛΑΝΤΗ,ΚΟΖΑΝΗΣ,ΚΟΖΑΝΗΣ,ΔΥΤΙΚΗΣ ΜΑΚΕΔΟΝΙΑΣ,ΔΗΜΗΤΡΙΟΥ ΥΨΗΛΑΝΤΗ,ΚΟΖΑΝΗΣ,ΔΥΤΙΚΗΣ ΜΑΚΕΔΟΝΙΑΣ
ΕΛΙΜΕΙΑΣ,ΚΟΖΑΝΗΣ,ΚΟΖΑΝΗΣ,ΔΥΤΙΚΗΣ ΜΑΚΕΔΟΝΙΑΣ,ΕΛΙΜΕΙΑΣ,ΚΟΖΑΝΗΣ,ΔΥΤΙΚΗΣ ΜΑΚΕΔΟΝΙΑΣ
ΕΛΛΗΣΠΟΝΤΟΥ,ΚΟΖΑΝΗΣ,ΚΟΖΑΝΗΣ,ΔΥΤΙΚΗΣ ΜΑΚΕΔΟΝΙΑΣ,ΕΛΛΗΣΠΟΝΤΟΥ,ΚΟΖΑΝΗΣ,ΔΥΤΙΚΗΣ ΜΑΚΕΔΟΝΙΑΣ
ΚΟΖΑΝΗΣ,ΚΟΖΑΝΗΣ,ΚΟΖΑΝΗΣ,ΔΥΤΙΚΗΣ ΜΑΚΕΔΟΝΙΑΣ,ΚΟΖΑΝΗΣ,ΚΟΖΑΝΗΣ,ΔΥΤΙΚΗΣ ΜΑΚΕΔΟΝΙΑΣ
ΒΕΛΒΕΝΤΟΥ,ΣΕΡΒΙΩΝ-ΒΕΛΒΕΝΤΟΥ,ΚΟΖΑΝΗΣ,ΔΥΤΙΚΗΣ ΜΑΚΕΔΟΝΙΑΣ,ΒΕΛΒΕΝΤΟΥ,ΚΟΖΑΝΗΣ,ΔΥΤΙΚΗΣ ΜΑΚΕΔΟΝΙΑΣ
ΚΑΜΒΟΥΝΙΩΝ,ΣΕΡΒΙΩΝ-ΒΕΛΒΕΝΤΟΥ,ΚΟΖΑΝΗΣ,ΔΥΤΙΚΗΣ ΜΑΚΕΔΟΝΙΑΣ,ΚΑΜΒΟΥΝΙΩΝ,ΚΟΖΑΝΗΣ,ΔΥΤΙΚΗΣ ΜΑΚΕΔΟΝΙΑΣ
ΛΙΒΑΔΕΡΟΥ,ΣΕΡΒΙΩΝ-ΒΕΛΒΕΝΤΟΥ,ΚΟΖΑΝΗΣ,ΔΥΤΙΚΗΣ ΜΑΚΕΔΟΝΙΑΣ,ΛΙΒΑΔΕΡΟΥ,ΚΟΖΑΝΗΣ,ΔΥΤΙΚΗΣ ΜΑΚΕΔΟΝΙΑΣ
ΣΕΡΒΙΩΝ,ΣΕΡΒΙΩΝ-ΒΕΛΒΕΝΤΟΥ,ΚΟΖΑΝΗΣ,ΔΥΤΙΚΗΣ ΜΑΚΕΔΟΝΙΑΣ,ΣΕΡΒΙΩΝ,ΚΟΖΑΝΗΣ,ΔΥΤΙΚΗΣ ΜΑΚΕΔΟΝΙΑΣ
ΑΕΤΟΥ,ΑΜΥΝΤΑΙΟΥ,ΦΛΩΡΙΝΑΣ,ΔΥΤΙΚΗΣ ΜΑΚΕΔΟΝΙΑΣ,ΑΕΤΟΥ,ΦΛΩΡΙΝΗΣ,ΔΥΤΙΚΗΣ ΜΑΚΕΔΟΝΙΑΣ
ΑΜΥΝΤΑΙΟΥ,ΑΜΥΝΤΑΙΟΥ,ΦΛΩΡΙΝΑΣ,ΔΥΤΙΚΗΣ ΜΑΚΕΔΟΝΙΑΣ,ΑΜΥΝΤΑΙΟΥ,ΦΛΩΡΙΝΗΣ,ΔΥΤΙΚΗΣ ΜΑΚΕΔΟΝΙΑΣ
ΒΑΡΙΚΟΥ,ΑΜΥΝΤΑΙΟΥ,ΦΛΩΡΙΝΑΣ,ΔΥΤΙΚΗΣ ΜΑΚΕΔΟΝΙΑΣ,ΒΑΡΙΚΟΥ,ΦΛΩΡΙΝΗΣ,ΔΥΤΙΚΗΣ ΜΑΚΕΔΟΝΙΑΣ
ΛΕΧΟΒΟΥ,ΑΜΥΝΤΑΙΟΥ,ΦΛΩΡΙΝΑΣ,ΔΥΤΙΚΗΣ ΜΑΚΕΔΟΝΙΑΣ,ΛΕΧΟΒΟΥ,ΦΛΩΡΙΝΗΣ,ΔΥΤΙΚΗΣ ΜΑΚΕΔΟΝΙΑΣ
ΝΥΜΦΑΙΟΥ,ΑΜΥΝΤΑΙΟΥ,ΦΛΩΡΙΝΑΣ,ΔΥΤΙΚΗΣ ΜΑΚΕΔΟΝΙΑΣ,ΝΥΜΦΑΙΟΥ,ΦΛΩΡΙΝΗΣ,ΔΥΤΙΚΗΣ ΜΑΚΕΔΟΝΙΑΣ
ΦΙΛΩΤΑ,ΑΜΥΝΤΑΙΟΥ,ΦΛΩΡΙΝΑΣ,ΔΥΤΙΚΗΣ ΜΑΚΕΔΟΝΙΑΣ,ΦΙΛΩΤΑ,ΦΛΩΡΙΝΗΣ,ΔΥΤΙΚΗΣ ΜΑΚΕΔΟΝΙΑΣ
ΚΡΥΣΤΑΛΛΟΠΗΓΗΣ,ΠΡΕΣΠΩΝ,ΦΛΩΡΙΝΑΣ,ΔΥΤΙΚΗΣ ΜΑΚΕΔΟΝΙΑΣ,ΚΡΥΣΤΑΛΛΟΠΗΓΗΣ,ΦΛΩΡΙΝΗΣ,ΔΥΤΙΚΗΣ ΜΑΚΕΔΟΝΙΑΣ
ΠΡΕΣΠΩΝ,ΠΡΕΣΠΩΝ,ΦΛΩΡΙΝΑΣ,ΔΥΤΙΚΗΣ ΜΑΚΕΔΟΝΙΑΣ,ΠΡΕΣΠΩΝ,ΦΛΩΡΙΝΗΣ,ΔΥΤΙΚΗΣ ΜΑΚΕΔΟΝΙΑΣ
ΚΑΤΩ ΚΛΕΙΝΩΝ,ΦΛΩΡΙΝΑΣ,ΦΛΩΡΙΝΑΣ,ΔΥΤΙΚΗΣ ΜΑΚΕΔΟΝΙΑΣ,ΚΑΤΩ ΚΛΕΙΝΩΝ,ΦΛΩΡΙΝΗΣ,ΔΥΤΙΚΗΣ ΜΑΚΕΔΟΝΙΑΣ
ΜΕΛΙΤΗΣ,ΦΛΩΡΙΝΑΣ,ΦΛΩΡΙΝΑΣ,ΔΥΤΙΚΗΣ ΜΑΚΕΔΟΝΙΑΣ,ΜΕΛΙΤΗΣ,ΦΛΩΡΙΝΗΣ,ΔΥΤΙΚΗΣ ΜΑΚΕΔΟΝΙΑΣ
ΠΕΡΑΣΜΑΤΟΣ,ΦΛΩΡΙΝΑΣ,ΦΛΩΡΙΝΑΣ,ΔΥΤΙΚΗΣ ΜΑΚΕΔΟΝΙΑΣ,ΠΕΡΑΣΜΑΤΟΣ,ΦΛΩΡΙΝΗΣ,ΔΥΤΙΚΗΣ ΜΑΚΕΔΟΝΙΑΣ
ΦΛΩΡΙΝΑΣ,ΦΛΩΡΙΝΑΣ,ΦΛΩΡΙΝΑΣ,ΔΥΤΙΚΗΣ ΜΑΚΕΔΟΝΙΑΣ,ΦΛΩΡΙΝΑΣ,ΦΛΩΡΙΝΗΣ,ΔΥΤΙΚΗΣ ΜΑΚΕΔΟΝΙΑΣ
ΑΜΒΡΑΚΙΚΟΥ,ΑΡΤΑΙΩΝ,ΑΡΤΑΣ,ΗΠΕΙΡΟΥ,ΑΜΒΡΑΚΙΚΟΥ,ΑΡΤΗΣ,ΗΠΕΙΡΟΥ
ΑΡΤΑΙΩΝ,ΑΡΤΑΙΩΝ,ΑΡΤΑΣ,ΗΠΕΙΡΟΥ,ΑΡΤΑΙΩΝ,ΑΡΤΗΣ,ΗΠΕΙΡΟΥ
ΒΛΑΧΕΡΝΩΝ,ΑΡΤΑΙΩΝ,ΑΡΤΑΣ,ΗΠΕΙΡΟΥ,ΒΛΑΧΕΡΝΩΝ,ΑΡΤΗΣ,ΗΠΕΙΡΟΥ
ΞΗΡΟΒΟΥΝΙΟΥ,ΑΡΤΑΙΩΝ,ΑΡΤΑΣ,ΗΠΕΙΡΟΥ,ΞΗΡΟΒΟΥΝΙΟΥ,ΑΡΤΗΣ,ΗΠΕΙΡΟΥ
ΦΙΛΟΘΕΗΣ,ΑΡΤΑΙΩΝ,ΑΡΤΑΣ,ΗΠΕΙΡΟΥ,ΦΙΛΟΘΕΗΣ,ΑΡΤΗΣ,ΗΠΕΙΡΟΥ
ΓΕΩΡΓΙΟΥ ΚΑΡΑΪΣΚΑΚΗ,ΓΕΩΡΓΙΟΥ ΚΑΡΑΪΣΚΑΚΗ,ΑΡΤΑΣ,ΗΠΕΙΡΟΥ,ΓΕΩΡΓΙΟΥ ΚΑΡΑΪΣΚΑΚΗ,ΑΡΤΗΣ,ΗΠΕΙΡΟΥ
ΗΡΑΚΛΕΙΑΣ,ΓΕΩΡΓΙΟΥ ΚΑΡΑΪΣΚΑΚΗ,ΑΡΤΑΣ,ΗΠΕΙΡΟΥ,ΗΡΑΚΛΕΙΑΣ,ΑΡΤΗΣ,ΗΠΕΙΡΟΥ
ΤΕΤΡΑΦΥΛΙΑΣ,ΓΕΩΡΓΙΟΥ ΚΑΡΑΪΣΚΑΚΗ,ΑΡΤΑΣ,ΗΠΕΙΡΟΥ,ΤΕΤΡΑΦΥΛΙΑΣ,ΑΡΤΗΣ,ΗΠΕΙΡΟΥ
ΑΓΝΑΝΤΩΝ,ΚΕΝΤΡΙΚΩΝ ΤΖΟΥΜΕΡΚΩΝ,ΑΡΤΑΣ,ΗΠΕΙΡΟΥ,ΑΓΝΑΝΤΩΝ,ΑΡΤΗΣ,ΗΠΕΙΡΟΥ
ΑΘΑΜΑΝΙΑΣ,ΚΕΝΤΡΙΚΩΝ ΤΖΟΥΜΕΡΚΩΝ,ΑΡΤΑΣ,ΗΠΕΙΡΟΥ,ΑΘΑΜΑΝΙΑΣ,ΑΡΤΗΣ,ΗΠΕΙΡΟΥ
ΘΕΟΔΩΡΙΑΝΩΝ,ΚΕΝΤΡΙΚΩΝ ΤΖΟΥΜΕΡΚΩΝ,ΑΡΤΑΣ,ΗΠΕΙΡΟΥ,ΘΕΟΔΩΡΙΑΝΩΝ,ΑΡΤΗΣ,ΗΠΕΙΡΟΥ
ΜΕΛΙΣΣΟΥΡΓΩΝ,ΚΕΝΤΡΙΚΩΝ ΤΖΟΥΜΕΡΚΩΝ,ΑΡΤΑΣ,ΗΠΕΙΡΟΥ,ΜΕΛΙΣΣΟΥΡΓΩΝ,ΑΡΤΗΣ,ΗΠΕΙΡΟΥ
ΑΡΑΧΘΟΥ,ΝΙΚΟΛΑΟΥ ΣΚΟΥΦΑ,ΑΡΤΑΣ,ΗΠΕΙΡΟΥ,ΑΡΑΧΘΟΥ,ΑΡΤΗΣ,ΗΠΕΙΡΟΥ
ΚΟΜΜΕΝΟΥ,ΝΙΚΟΛΑΟΥ ΣΚΟΥΦΑ,ΑΡΤΑΣ,ΗΠΕΙΡΟΥ,ΚΟΜΜΕΝΟΥ,ΑΡΤΗΣ,ΗΠΕΙΡΟΥ
ΚΟΜΠΟΤΙΟΥ,ΝΙΚΟΛΑΟΥ ΣΚΟΥΦΑ,ΑΡΤΑΣ,ΗΠΕΙΡΟΥ,ΚΟΜΠΟΤΙΟΥ,ΑΡΤΗΣ,ΗΠΕΙΡΟΥ
ΠΕΤΑ,ΝΙΚΟΛΑΟΥ ΣΚΟΥΦΑ,ΑΡΤΑΣ,ΗΠΕΙΡΟΥ,ΠΕΤΑ,ΑΡΤΗΣ,ΗΠΕΙΡΟΥ
ΗΓΟΥΜΕΝΙΤΣΗΣ,ΗΓΟΥΜΕΝΙΤΣΗΣ,ΘΕΣΠΡΩΤΙΑΣ,ΗΠΕΙΡΟΥ,ΗΓΟΥΜΕΝΙΤΣΗΣ,ΘΕΣΠΡΩΤΙΑΣ,ΗΠΕΙΡΟΥ
ΜΑΡΓΑΡΙΤΙΟΥ,ΗΓΟΥΜΕΝΙΤΣΗΣ,ΘΕΣΠΡΩΤΙΑΣ,ΗΠΕΙΡΟΥ,ΜΑΡΓΑΡΙΤΙΟΥ,ΘΕΣΠΡΩΤΙΑΣ,ΗΠΕΙΡΟΥ
ΠΑΡΑΠΟΤΑΜΟΥ,ΗΓΟΥΜΕΝΙΤΣΗΣ,ΘΕΣΠΡΩΤΙΑΣ,ΗΠΕΙΡΟΥ,ΠΑΡΑΠΟΤΑΜΟΥ,ΘΕΣΠΡΩΤΙΑΣ,ΗΠΕΙΡΟΥ
ΠΕΡΔΙΚΑΣ,ΗΓΟΥΜΕΝΙΤΣΗΣ,ΘΕΣΠΡΩΤΙΑΣ,ΗΠΕΙΡΟΥ,ΠΕΡΔΙΚΑΣ,ΘΕΣΠΡΩΤΙΑΣ,ΗΠΕΙΡΟΥ
ΣΥΒΟΤΩΝ,ΗΓΟΥΜΕΝΙΤΣΗΣ,ΘΕΣΠΡΩΤΙΑΣ,ΗΠΕΙΡΟΥ,ΣΥΒΟΤΩΝ,ΘΕΣΠΡΩΤΙΑΣ,ΗΠΕΙΡΟΥ
ΑΧΕΡΟΝΤΑ,ΣΟΥΛΙΟΥ,ΘΕΣΠΡΩΤΙΑΣ,ΗΠΕΙΡΟΥ,ΑΧΕΡΟΝΤΑ,ΘΕΣΠΡΩΤΙΑΣ,ΗΠΕΙΡΟΥ
ΠΑΡΑΜΥΘΙΑΣ,ΣΟΥΛΙΟΥ,ΘΕΣΠΡΩΤΙΑΣ,ΗΠΕΙΡΟΥ,ΠΑΡΑΜΥΘΙΑΣ,ΘΕΣΠΡΩΤΙΑΣ,ΗΠΕΙΡΟΥ
ΣΟΥΛΙΟΥ,ΣΟΥΛΙΟΥ,ΘΕΣΠΡΩΤΙΑΣ,ΗΠΕΙΡΟΥ,ΣΟΥΛΙΟΥ,ΘΕΣΠΡΩΤΙΑΣ,ΗΠΕΙΡΟΥ
ΣΑΓΙΑΔΑΣ,ΦΙΛΙΑΤΩΝ,ΘΕΣΠΡΩΤΙΑΣ,ΗΠΕΙΡΟΥ,ΣΑΓΙΑΔΑΣ,ΘΕΣΠΡΩΤΙΑΣ,ΗΠΕΙΡΟΥ
ΦΙΛΙΑΤΩΝ,ΦΙΛΙΑΤΩΝ,ΘΕΣΠΡΩΤΙΑΣ,ΗΠΕΙΡΟΥ,ΦΙΛΙΑΤΩΝ,ΘΕΣΠΡΩΤΙΑΣ,ΗΠΕΙΡΟΥ
ΒΑΘΥΠΕΔΟΥ,ΒΟΡΕΙΩΝ ΤΖΟΥΜΕΡΚΩΝ,ΙΩΑΝΝΙΝΩΝ,ΗΠΕΙΡΟΥ,ΒΑΘΥΠΕΔΟΥ,ΙΩΑΝΝΙΝΩΝ,ΗΠΕΙΡΟΥ
ΚΑΛΑΡΡΥΤΩΝ,ΒΟΡΕΙΩΝ ΤΖΟΥΜΕΡΚΩΝ,ΙΩΑΝΝΙΝΩΝ,ΗΠΕΙΡΟΥ,ΚΑΛΑΡΡΥΤΩΝ,ΙΩΑΝΝΙΝΩΝ,ΗΠΕΙΡΟΥ
ΚΑΤΣΑΝΟΧΩΡΙΩΝ,ΒΟΡΕΙΩΝ ΤΖΟΥΜΕΡΚΩΝ,ΙΩΑΝΝΙΝΩΝ,ΗΠΕΙΡΟΥ,ΚΑΤΣΑΝΟΧΩΡΙΩΝ,ΙΩΑΝΝΙΝΩΝ,ΗΠΕΙΡΟΥ
ΜΑΤΣΟΥΚΙΟΥ,ΒΟΡΕΙΩΝ ΤΖΟΥΜΕΡΚΩΝ,ΙΩΑΝΝΙΝΩΝ,ΗΠΕΙΡΟΥ,ΜΑΤΣΟΥΚΙΟΥ,ΙΩΑΝΝΙΝΩΝ,ΗΠΕΙΡΟΥ
ΠΡΑΜΑΝΤΩΝ,ΒΟΡΕΙΩΝ ΤΖΟΥΜΕΡΚΩΝ,ΙΩΑΝΝΙΝΩΝ,ΗΠΕΙΡΟΥ,ΠΡΑΜΑΝΤΩΝ,ΙΩΑΝΝΙΝΩΝ,ΗΠΕΙΡΟΥ
ΣΥΡΡΑΚΟΥ,ΒΟΡΕΙΩΝ ΤΖΟΥΜΕΡΚΩΝ,ΙΩΑΝΝΙΝΩΝ,ΗΠΕΙΡΟΥ,ΣΥΡΡΑΚΟΥ,ΙΩΑΝΝΙΝΩΝ,ΗΠΕΙΡΟΥ
ΤΖΟΥΜΕΡΚΩΝ,ΒΟΡΕΙΩΝ ΤΖΟΥΜΕΡΚΩΝ,ΙΩΑΝΝΙΝΩΝ,ΗΠΕΙΡΟΥ,ΤΖΟΥΜΕΡΚΩΝ,ΙΩΑΝΝΙΝΩΝ,ΗΠΕΙΡΟΥ
ΑΓΙΟΥ ΔΗΜΗΤΡΙΟΥ,ΔΩΔΩΝΗΣ,ΙΩΑΝΝΙΝΩΝ,ΗΠΕΙΡΟΥ,ΑΓΙΟΥ ΔΗΜΗΤΡΙΟΥ,ΙΩΑΝΝΙΝΩΝ,ΗΠΕΙΡΟΥ
ΔΩΔΩΝΗΣ,ΔΩΔΩΝΗΣ,ΙΩΑΝΝΙΝΩΝ,ΗΠΕΙΡΟΥ,ΔΩΔΩΝΗΣ,ΙΩΑΝΝΙΝΩΝ,ΗΠΕΙΡΟΥ
ΛΑΚΚΑΣ ΣΟΥΛΙΟΥ,ΔΩΔΩΝΗΣ,ΙΩΑΝΝΙΝΩΝ,ΗΠΕΙΡΟΥ,ΛΑΚΚΑΣ ΣΟΥΛΙΟΥ,ΙΩΑΝΝΙΝΩΝ,ΗΠΕΙΡΟΥ
ΣΕΛΛΩΝ,ΔΩΔΩΝΗΣ,ΙΩΑΝΝΙΝΩΝ,ΗΠΕΙΡΟΥ,ΣΕΛΛΩΝ,ΙΩΑΝΝΙΝΩΝ,ΗΠΕΙΡΟΥ
ΑΝΑΤΟΛΙΚΟΥ ΖΑΓΟΡΙΟΥ,ΖΑΓΟΡΙΟΥ,ΙΩΑΝΝΙΝΩΝ,ΗΠΕΙΡΟΥ,ΑΝΑΤΟΛΙΚΟΥ ΖΑΓΟΡΙΟΥ,ΙΩΑΝΝΙΝΩΝ,ΗΠΕΙΡΟΥ
ΒΟΒΟΥΣΗΣ,ΖΑΓΟΡΙΟΥ,ΙΩΑΝΝΙΝΩΝ,ΗΠΕΙΡΟΥ,ΒΟΒΟΥΣΗΣ,ΙΩΑΝΝΙΝΩΝ,ΗΠΕΙΡΟΥ
ΚΕΝΤΡΙΚΟΥ ΖΑΓΟΡΙΟΥ,ΖΑΓΟΡΙΟΥ,ΙΩΑΝΝΙΝΩΝ,ΗΠΕΙΡΟΥ,ΚΕΝΤΡΙΚΟΥ ΖΑΓΟΡΙΟΥ,ΙΩΑΝΝΙΝΩΝ,ΗΠΕΙΡΟΥ
ΠΑΠΙΓΚΟΥ,ΖΑΓΟΡΙΟΥ,ΙΩΑΝΝΙΝΩΝ,ΗΠΕΙΡΟΥ,ΠΑΠΙΓΚΟΥ,ΙΩΑΝΝΙΝΩΝ,ΗΠΕΙΡΟΥ
ΤΥΜΦΗΣ,ΖΑΓΟΡΙΟΥ,ΙΩΑΝΝΙΝΩΝ,ΗΠΕΙΡΟΥ,ΤΥΜΦΗΣ,ΙΩΑΝΝΙΝΩΝ,ΗΠΕΙΡΟΥ
ΕΚΑΛΗΣ,ΖΙΤΣΑΣ,ΙΩΑΝΝΙΝΩΝ,ΗΠΕΙΡΟΥ,ΕΚΑΛΗΣ,ΙΩΑΝΝΙΝΩΝ,ΗΠΕΙΡΟΥ
ΕΥΡΥΜΕΝΩΝ,ΖΙΤΣΑΣ,ΙΩΑΝΝΙΝΩΝ,ΗΠΕΙΡΟΥ,ΕΥΡΥΜΕΝΩΝ,ΙΩΑΝΝΙΝΩΝ,ΗΠΕΙΡΟΥ
ΖΙΤΣΑΣ,ΖΙΤΣΑΣ,ΙΩΑΝΝΙΝΩΝ,ΗΠΕΙΡΟΥ,ΖΙΤΣΑΣ,ΙΩΑΝΝΙΝΩΝ,ΗΠΕΙΡΟΥ
ΜΟΛΟΣΣΩΝ,ΖΙΤΣΑΣ,ΙΩΑΝΝΙΝΩΝ,ΗΠΕΙΡΟΥ,ΜΟΛΟΣΣΩΝ,ΙΩΑΝΝΙΝΩΝ,ΗΠΕΙΡΟΥ
ΠΑΣΑΡΩΝΟΣ,ΖΙΤΣΑΣ,ΙΩΑΝΝΙΝΩΝ,ΗΠΕΙΡΟΥ,ΠΑΣΑΡΩΝΟΣ,ΙΩΑΝΝΙΝΩΝ,ΗΠΕΙΡΟΥ
ΑΝΑΤΟΛΗΣ,ΙΩΑΝΝΙΤΩΝ,ΙΩΑΝΝΙΝΩΝ,ΗΠΕΙΡΟΥ,ΑΝΑΤΟΛΗΣ,ΙΩΑΝΝΙΝΩΝ,ΗΠΕΙΡΟΥ
ΙΩΑΝΝΙΤΩΝ,ΙΩΑΝΝΙΤΩΝ,ΙΩΑΝΝΙΝΩΝ,ΗΠΕΙΡΟΥ,ΙΩΑΝΝΙΤΩΝ,ΙΩΑΝΝΙΝΩΝ,ΗΠΕΙΡΟΥ
ΜΠΙΖΑΝΙΟΥ,ΙΩΑΝΝΙΤΩΝ,ΙΩΑΝΝΙΝΩΝ,ΗΠΕΙΡΟΥ,ΜΠΙΖΑΝΙΟΥ,ΙΩΑΝΝΙΝΩΝ,ΗΠΕΙΡΟΥ
ΝΗΣΟΥ ΙΩΑΝΝΙΝΩΝ,ΙΩΑΝΝΙΤΩΝ,ΙΩΑΝΝΙΝΩΝ,ΗΠΕΙΡΟΥ,ΝΗΣΟΥ ΙΩΑΝΝΙΝΩΝ,ΙΩΑΝΝΙΝΩΝ,ΗΠΕΙΡΟΥ
ΠΑΜΒΩΤΙΔΟΣ,ΙΩΑΝΝΙΤΩΝ,ΙΩΑΝΝΙΝΩΝ,ΗΠΕΙΡΟΥ,ΠΑΜΒΩΤΙΔΟΣ,ΙΩΑΝΝΙΝΩΝ,ΗΠΕΙΡΟΥ
ΠΕΡΑΜΑΤΟΣ,ΙΩΑΝΝΙΤΩΝ,ΙΩΑΝΝΙΝΩΝ,ΗΠΕΙΡΟΥ,ΠΕΡΑΜΑΤΟΣ,ΙΩΑΝΝΙΝΩΝ,ΗΠΕΙΡΟΥ
ΑΕΤΟΜΗΛΙΤΣΗΣ,ΚΟΝΙΤΣΑΣ,ΙΩΑΝΝΙΝΩΝ,ΗΠΕΙΡΟΥ,ΑΕΤΟΜΗΛΙΤΣΗΣ,ΙΩΑΝΝΙΝΩΝ,ΗΠΕΙΡΟΥ
ΔΙΣΤΡΑΤΟΥ,ΚΟΝΙΤΣΑΣ,ΙΩΑΝΝΙΝΩΝ,ΗΠΕΙΡΟΥ,ΔΙΣΤΡΑΤΟΥ,ΙΩΑΝΝΙΝΩΝ,ΗΠΕΙΡΟΥ
ΚΟΝΙΤΣΑΣ,ΚΟΝΙΤΣΑΣ,ΙΩΑΝΝΙΝΩΝ,ΗΠΕΙΡΟΥ,ΚΟΝΙΤΣΑΣ,ΙΩΑΝΝΙΝΩΝ,ΗΠΕΙΡΟΥ
ΜΑΣΤΟΡΟΧΩΡΙΩΝ,ΚΟΝΙΤΣΑΣ,ΙΩΑΝΝΙΝΩΝ,ΗΠΕΙΡΟΥ,ΜΑΣΤΟΡΟΧΩΡΙΩΝ,ΙΩΑΝΝΙΝΩΝ,ΗΠΕΙΡΟΥ
ΦΟΥΡΚΑΣ,ΚΟΝΙΤΣΑΣ,ΙΩΑΝΝΙΝΩΝ,ΗΠΕΙΡΟΥ,ΦΟΥΡΚΑΣ,ΙΩΑΝΝΙΝΩΝ,ΗΠΕΙΡΟΥ
ΕΓΝΑΤΙΑΣ,ΜΕΤΣΟΒΟΥ,ΙΩΑΝΝΙΝΩΝ,ΗΠΕΙΡΟΥ,ΕΓΝΑΤΙΑΣ,ΙΩΑΝΝΙΝΩΝ,ΗΠΕΙΡΟΥ
ΜΕΤΣΟΒΟΥ,ΜΕΤΣΟΒΟΥ,ΙΩΑΝΝΙΝΩΝ,ΗΠΕΙΡΟΥ,ΜΕΤΣΟΒΟΥ,ΙΩΑΝΝΙΝΩΝ,ΗΠΕΙΡΟΥ
ΜΗΛΕΑΣ,ΜΕΤΣΟΒΟΥ,ΙΩΑΝΝΙΝΩΝ,ΗΠΕΙΡΟΥ,ΜΗΛΕΑΣ,ΙΩΑΝΝΙΝΩΝ,ΗΠΕΙΡΟΥ
ΑΝΩ ΚΑΛΑΜΑ,ΠΩΓΩΝΙΟΥ,ΙΩΑΝΝΙΝΩΝ,ΗΠΕΙΡΟΥ,ΑΝΩ ΚΑΛΑΜΑ,ΙΩΑΝΝΙΝΩΝ,ΗΠΕΙΡΟΥ
ΑΝΩ ΠΩΓΩΝΙΟΥ,ΠΩΓΩΝΙΟΥ,ΙΩΑΝΝΙΝΩΝ,ΗΠΕΙΡΟΥ,ΑΝΩ ΠΩΓΩΝΙΟΥ,ΙΩΑΝΝΙΝΩΝ,ΗΠΕΙΡΟΥ
ΔΕΛΒΙΝΑΚΙΟΥ,ΠΩΓΩΝΙΟΥ,ΙΩΑΝΝΙΝΩΝ,ΗΠΕΙΡΟΥ,ΔΕΛΒΙΝΑΚΙΟΥ,ΙΩΑΝΝΙΝΩΝ,ΗΠΕΙΡΟΥ
ΚΑΛΠΑΚΙΟΥ,ΠΩΓΩΝΙΟΥ,ΙΩΑΝΝΙΝΩΝ,ΗΠΕΙΡΟΥ,ΚΑΛΠΑΚΙΟΥ,ΙΩΑΝΝΙΝΩΝ,ΗΠΕΙΡΟΥ
ΛΑΒΔΑΝΗΣ,ΠΩΓΩΝΙΟΥ,ΙΩΑΝΝΙΝΩΝ,ΗΠΕΙΡΟΥ,ΛΑΒΔΑΝΗΣ,ΙΩΑΝΝΙΝΩΝ,ΗΠΕΙΡΟΥ
ΠΩΓΩΝΙΑΝΗΣ,ΠΩΓΩΝΙΟΥ,ΙΩΑΝΝΙΝΩΝ,ΗΠΕΙΡΟΥ,ΠΩΓΩΝΙΑΝΗΣ,ΙΩΑΝΝΙΝΩΝ,ΗΠΕΙΡΟΥ
ΑΝΩΓΕΙΟΥ,ΖΗΡΟΥ,ΠΡΕΒΕΖΑΣ,ΗΠΕΙΡΟΥ,ΑΝΩΓΕΙΟΥ,ΠΡΕΒΕΖΗΣ,ΗΠΕΙΡΟΥ
ΘΕΣΠΡΩΤΙΚΟΥ,ΖΗΡΟΥ,ΠΡΕΒΕΖΑΣ,ΗΠΕΙΡΟΥ,ΘΕΣΠΡΩΤΙΚΟΥ,ΠΡΕΒΕΖΗΣ,ΗΠΕΙΡΟΥ
ΚΡΑΝΕΑΣ,ΖΗΡΟΥ,ΠΡΕΒΕΖΑΣ,ΗΠΕΙΡΟΥ,ΚΡΑΝΕΑΣ,ΠΡΕΒΕΖΗΣ,ΗΠΕΙΡΟΥ
ΦΙΛΙΠΠΙΑΔΟΣ,ΖΗΡΟΥ,ΠΡΕΒΕΖΑΣ,ΗΠΕΙΡΟΥ,ΦΙΛΙΠΠΙΑΔΟΣ,ΠΡΕΒΕΖΗΣ,ΗΠΕΙΡΟΥ
ΠΑΡΓΑΣ,ΠΑΡΓΑΣ,ΠΡΕΒΕΖΑΣ,ΗΠΕΙΡΟΥ,ΠΑΡΓΑΣ,ΠΡΕΒΕΖΗΣ,ΗΠΕΙΡΟΥ
ΦΑΝΑΡΙΟΥ,ΠΑΡΓΑΣ,ΠΡΕΒΕΖΑΣ,ΗΠΕΙΡΟΥ,ΦΑΝΑΡΙΟΥ,ΠΡΕΒΕΖΗΣ,ΗΠΕΙΡΟΥ
ΖΑΛΟΓΓΟΥ,ΠΡΕΒΕΖΗΣ,ΠΡΕΒΕΖΑΣ,ΗΠΕΙΡΟΥ,ΖΑΛΟΓΓΟΥ,ΠΡΕΒΕΖΗΣ,ΗΠΕΙΡΟΥ
ΛΟΥΡΟΥ,ΠΡΕΒΕΖΗΣ,ΠΡΕΒΕΖΑΣ,ΗΠΕΙΡΟΥ,ΛΟΥΡΟΥ,ΠΡΕΒΕΖΗΣ,ΗΠΕΙΡΟΥ
ΠΡΕΒΕΖΗΣ,ΠΡΕΒΕΖΗΣ,ΠΡΕΒΕΖΑΣ,ΗΠΕΙΡΟΥ,ΠΡΕΒΕΖΗΣ,ΠΡΕΒΕΖΗΣ,ΗΠΕΙΡΟΥ
ΑΝΑΤΟΛΙΚΗΣ ΑΡΓΙΘΕΑΣ,ΑΡΓΙΘΕΑΣ,ΚΑΡΔΙΤΣΑΣ,ΘΕΣΣΑΛΙΑΣ,ΑΝΑΤΟΛΙΚΗΣ ΑΡΓΙΘΕΑΣ,ΚΑΡΔΙΤΣΗΣ,ΘΕΣΣΑΛΙΑΣ
ΑΡΓΙΘΕΑΣ,ΑΡΓΙΘΕΑΣ,ΚΑΡΔΙΤΣΑΣ,ΘΕΣΣΑΛΙΑΣ,ΑΡΓΙΘΕΑΣ,ΚΑΡΔΙΤΣΗΣ,ΘΕΣΣΑΛΙΑΣ
ΑΧΕΛΩΟΥ,ΑΡΓΙΘΕΑΣ,ΚΑΡΔΙΤΣΑΣ,ΘΕΣΣΑΛΙΑΣ,ΑΧΕΛΩΟΥ,ΚΑΡΔΙΤΣΗΣ,ΘΕΣΣΑΛΙΑΣ
ΙΤΑΜΟΥ,ΚΑΡΔΙΤΣΑΣ,ΚΑΡΔΙΤΣΑΣ,ΘΕΣΣΑΛΙΑΣ,ΙΤΑΜΟΥ,ΚΑΡΔΙΤΣΗΣ,ΘΕΣΣΑΛΙΑΣ
ΚΑΛΛΙΦΩΝΙΟΥ,ΚΑΡΔΙΤΣΑΣ,ΚΑΡΔΙΤΣΑΣ,ΘΕΣΣΑΛΙΑΣ,ΚΑΛΛΙΦΩΝΙΟΥ,ΚΑΡΔΙΤΣΗΣ,ΘΕΣΣΑΛΙΑΣ
ΚΑΜΠΟΥ,ΚΑΡΔΙΤΣΑΣ,ΚΑΡΔΙΤΣΑΣ,ΘΕΣΣΑΛΙΑΣ,ΚΑΜΠΟΥ,ΚΑΡΔΙΤΣΗΣ,ΘΕΣΣΑΛΙΑΣ
ΚΑΡΔΙΤΣΑΣ,ΚΑΡΔΙΤΣΑΣ,ΚΑΡΔΙΤΣΑΣ,ΘΕΣΣΑΛΙΑΣ,ΚΑΡΔΙΤΣΑΣ,ΚΑΡΔΙΤΣΗΣ,ΘΕΣΣΑΛΙΑΣ
ΜΗΤΡΟΠΟΛΗΣ,ΚΑΡΔΙΤΣΑΣ,ΚΑΡΔΙΤΣΑΣ,ΘΕΣΣΑΛΙΑΣ,ΜΗΤΡΟΠΟΛΗΣ,ΚΑΡΔΙΤΣΗΣ,ΘΕΣΣΑΛΙΑΣ
ΝΕΒΡΟΠΟΛΗΣ ΑΓΡΑΦΩΝ,ΛΙΜΝΗΣ ΠΛΑΣΤΗΡΑ,ΚΑΡΔΙΤΣΑΣ,ΘΕΣΣΑΛΙΑΣ,ΝΕΒΡΟΠΟΛΗΣ ΑΓΡΑΦΩΝ,ΚΑΡΔΙΤΣΗΣ,ΘΕΣΣΑΛΙΑΣ
ΠΛΑΣΤΗΡΑ,ΛΙΜΝΗΣ ΠΛΑΣΤΗΡΑ,ΚΑΡΔΙΤΣΑΣ,ΘΕΣΣΑΛΙΑΣ,ΠΛΑΣΤΗΡΑ,ΚΑΡΔΙΤΣΗΣ,ΘΕΣΣΑΛΙΑΣ
ΙΘΩΜΗΣ,ΜΟΥΖΑΚΙΟΥ,ΚΑΡΔΙΤΣΑΣ,ΘΕΣΣΑΛΙΑΣ,ΙΘΩΜΗΣ,ΚΑΡΔΙΤΣΗΣ,ΘΕΣΣΑΛΙΑΣ
ΜΟΥΖΑΚΙΟΥ,ΜΟΥΖΑΚΙΟΥ,ΚΑΡΔΙΤΣΑΣ,ΘΕΣΣΑΛΙΑΣ,ΜΟΥΖΑΚΙΟΥ,ΚΑΡΔΙΤΣΗΣ,ΘΕΣΣΑΛΙΑΣ
ΠΑΜΙΣΟΥ,ΜΟΥΖΑΚΙΟΥ,ΚΑΡΔΙΤΣΑΣ,ΘΕΣΣΑΛΙΑΣ,ΠΑΜΙΣΟΥ,ΚΑΡΔΙΤΣΗΣ,ΘΕΣΣΑΛΙΑΣ
ΠΑΛΑΜΑ,ΠΑΛΑΜΑ,ΚΑΡΔΙΤΣΑΣ,ΘΕΣΣΑΛΙΑΣ,ΠΑΛΑΜΑ,ΚΑΡΔΙΤΣΗΣ,ΘΕΣΣΑΛΙΑΣ
ΣΕΛΛΑΝΩΝ,ΠΑΛΑΜΑ,ΚΑΡΔΙΤΣΑΣ,ΘΕΣΣΑΛΙΑΣ,ΣΕΛΛΑΝΩΝ,ΚΑΡΔΙΤΣΗΣ,ΘΕΣΣΑΛΙΑΣ
ΦΥΛΛΟΥ,ΠΑΛΑΜΑ,ΚΑΡΔΙΤΣΑΣ,ΘΕΣΣΑΛΙΑΣ,ΦΥΛΛΟΥ,ΚΑΡΔΙΤΣΗΣ,ΘΕΣΣΑΛΙΑΣ
ΑΡΝΗΣ,ΣΟΦΑΔΩΝ,ΚΑΡΔΙΤΣΑΣ,ΘΕΣΣΑΛΙΑΣ,ΑΡΝΗΣ,ΚΑΡΔΙΤΣΗΣ,ΘΕΣΣΑΛΙΑΣ
ΜΕΝΕΛΑΪΔΑΣ,ΣΟΦΑΔΩΝ,ΚΑΡΔΙΤΣΑΣ,ΘΕΣΣΑΛΙΑΣ,ΜΕΝΕΛΑΪΔΑΣ,ΚΑΡΔΙΤΣΗΣ,ΘΕΣΣΑΛΙΑΣ
ΡΕΝΤΙΝΗΣ,ΣΟΦΑΔΩΝ,ΚΑΡΔΙΤΣΑΣ,ΘΕΣΣΑΛΙΑΣ,ΡΕΝΤΙΝΗΣ,ΚΑΡΔΙΤΣΗΣ,ΘΕΣΣΑΛΙΑΣ
ΣΟΦΑΔΩΝ,ΣΟΦΑΔΩΝ,ΚΑΡΔΙΤΣΑΣ,ΘΕΣΣΑΛΙΑΣ,ΣΟΦΑΔΩΝ,ΚΑΡΔΙΤΣΗΣ,ΘΕΣΣΑΛΙΑΣ
ΤΑΜΑΣΙΟΥ,ΣΟΦΑΔΩΝ,ΚΑΡΔΙΤΣΑΣ,ΘΕΣΣΑΛΙΑΣ,ΤΑΜΑΣΙΟΥ,ΚΑΡΔΙΤΣΗΣ,ΘΕΣΣΑΛΙΑΣ
ΑΓΙΑΣ,ΑΓΙΑΣ,ΛΑΡΙΣΑΣ,ΘΕΣΣΑΛΙΑΣ,ΑΓΙΑΣ,ΛΑΡΙΣΗΣ,ΘΕΣΣΑΛΙΑΣ
ΕΥΡΥΜΕΝΩΝ,ΑΓΙΑΣ,ΛΑΡΙΣΑΣ,ΘΕΣΣΑΛΙΑΣ,ΕΥΡΥΜΕΝΩΝ,ΛΑΡΙΣΗΣ,ΘΕΣΣΑΛΙΑΣ
ΛΑΚΕΡΕΙΑΣ,ΑΓΙΑΣ,ΛΑΡΙΣΑΣ,ΘΕΣΣΑΛΙΑΣ,ΛΑΚΕΡΕΙΑΣ,ΛΑΡΙΣΗΣ,ΘΕΣΣΑΛΙΑΣ
ΜΕΛΙΒΟΙΑΣ,ΑΓΙΑΣ,ΛΑΡΙΣΑΣ,ΘΕΣΣΑΛΙΑΣ,ΜΕΛΙΒΟΙΑΣ,ΛΑΡΙΣΗΣ,ΘΕΣΣΑΛΙΑΣ
ΑΝΤΙΧΑΣΙΩΝ,ΕΛΑΣΣΟΝΑΣ,ΛΑΡΙΣΑΣ,ΘΕΣΣΑΛΙΑΣ,ΑΝΤΙΧΑΣΙΩΝ,ΛΑΡΙΣΗΣ,ΘΕΣΣΑΛΙΑΣ
ΒΕΡΔΙΚΟΥΣΗΣ,ΕΛΑΣΣΟΝΑΣ,ΛΑΡΙΣΑΣ,ΘΕΣΣΑΛΙΑΣ,ΒΕΡΔΙΚΟΥΣΗΣ,ΛΑΡΙΣΗΣ,ΘΕΣΣΑΛΙΑΣ
ΕΛΑΣΣΟΝΑΣ,ΕΛΑΣΣΟΝΑΣ,ΛΑΡΙΣΑΣ,ΘΕΣΣΑΛΙΑΣ,ΕΛΑΣΣΟΝΑΣ,ΛΑΡΙΣΗΣ,ΘΕΣΣΑΛΙΑΣ
ΚΑΡΥΑΣ,ΕΛΑΣΣΟΝΑΣ,ΛΑΡΙΣΑΣ,ΘΕΣΣΑΛΙΑΣ,ΚΑΡΥΑΣ,ΛΑΡΙΣΗΣ,ΘΕΣΣΑΛΙΑΣ
ΛΙΒΑΔΙΟΥ,ΕΛΑΣΣΟΝΑΣ,ΛΑΡΙΣΑΣ,ΘΕΣΣΑΛΙΑΣ,ΛΙΒΑΔΙΟΥ,ΛΑΡΙΣΗΣ,ΘΕΣΣΑΛΙΑΣ
ΟΛΥΜΠΟΥ,ΕΛΑΣΣΟΝΑΣ,ΛΑΡΙΣΑΣ,ΘΕΣΣΑΛΙΑΣ,ΟΛΥΜΠΟΥ,ΛΑΡΙΣΗΣ,ΘΕΣΣΑΛΙΑΣ
ΠΟΤΑΜΙΑΣ,ΕΛΑΣΣΟΝΑΣ,ΛΑΡΙΣΑΣ,ΘΕΣΣΑΛΙΑΣ,ΠΟΤΑΜΙΑΣ,ΛΑΡΙΣΗΣ,ΘΕΣΣΑΛΙΑΣ
ΣΑΡΑΝΤΑΠΟΡΟΥ,ΕΛΑΣΣΟΝΑΣ,ΛΑΡΙΣΑΣ,ΘΕΣΣΑΛΙΑΣ,ΣΑΡΑΝΤΑΠΟΡΟΥ,ΛΑΡΙΣΗΣ,ΘΕΣΣΑΛΙΑΣ
ΤΣΑΡΙΤΣΑΝΗΣ,ΕΛΑΣΣΟΝΑΣ,ΛΑΡΙΣΑΣ,ΘΕΣΣΑΛΙΑΣ,ΤΣΑΡΙΤΣΑΝΗΣ,ΛΑΡΙΣΗΣ,ΘΕΣΣΑΛΙΑΣ
ΑΡΜΕΝΙΟΥ,ΚΙΛΕΛΕΡ,ΛΑΡΙΣΑΣ,ΘΕΣΣΑΛΙΑΣ,ΑΡΜΕΝΙΟΥ,ΛΑΡΙΣΗΣ,ΘΕΣΣΑΛΙΑΣ
ΚΙΛΕΛΕΡ,ΚΙΛΕΛΕΡ,ΛΑΡΙΣΑΣ,ΘΕΣΣΑΛΙΑΣ,ΚΙΛΕΛΕΡ,ΛΑΡΙΣΗΣ,ΘΕΣΣΑΛΙΑΣ
ΚΡΑΝΝΩΝΟΣ,ΚΙΛΕΛΕΡ,ΛΑΡΙΣΑΣ,ΘΕΣΣΑΛΙΑΣ,ΚΡΑΝΝΩΝΟΣ,ΛΑΡΙΣΗΣ,ΘΕΣΣΑΛΙΑΣ
ΝΙΚΑΙΑΣ,ΚΙΛΕΛΕΡ,ΛΑΡΙΣΑΣ,ΘΕΣΣΑΛΙΑΣ,ΝΙΚΑΙΑΣ,ΛΑΡΙΣΗΣ,ΘΕΣΣΑΛΙΑΣ
ΠΛΑΤΥΚΑΜΠΟΥ,ΚΙΛΕΛΕΡ,ΛΑΡΙΣΑΣ,ΘΕΣΣΑΛΙΑΣ,ΠΛΑΤΥΚΑΜΠΟΥ,ΛΑΡΙΣΗΣ,ΘΕΣΣΑΛΙΑΣ
ΓΙΑΝΝΟΥΛΗΣ,ΛΑΡΙΣΑΙΩΝ,ΛΑΡΙΣΑΣ,ΘΕΣΣΑΛΙΑΣ,ΓΙΑΝΝΟΥΛΗΣ,ΛΑΡΙΣΗΣ,ΘΕΣΣΑΛΙΑΣ
ΚΟΙΛΑΔΑΣ,ΛΑΡΙΣΑΙΩΝ,ΛΑΡΙΣΑΣ,ΘΕΣΣΑΛΙΑΣ,ΚΟΙΛΑΔΑΣ,ΛΑΡΙΣΗΣ,ΘΕΣΣΑΛΙΑΣ
ΛΑΡΙΣΑΙΩΝ,ΛΑΡΙΣΑΙΩΝ,ΛΑΡΙΣΑΣ,ΘΕΣΣΑΛΙΑΣ,ΛΑΡΙΣΑΙΩΝ,ΛΑΡΙΣΗΣ,ΘΕΣΣΑΛΙΑΣ
ΑΜΠΕΛΑΚΙΩΝ,ΤΕΜΠΩΝ,ΛΑΡΙΣΑΣ,ΘΕΣΣΑΛΙΑΣ,ΑΜΠΕΛΑΚΙΩΝ,ΛΑΡΙΣΗΣ,ΘΕΣΣΑΛΙΑΣ
ΓΟΝΝΩΝ,ΤΕΜΠΩΝ,ΛΑΡΙΣΑΣ,ΘΕΣΣΑΛΙΑΣ,ΓΟΝΝΩΝ,ΛΑΡΙΣΗΣ,ΘΕΣΣΑΛΙΑΣ
ΚΑΤΩ ΟΛΥΜΠΟΥ,ΤΕΜΠΩΝ,ΛΑΡΙΣΑΣ,ΘΕΣΣΑΛΙΑΣ,ΚΑΤΩ ΟΛΥΜΠΟΥ,ΛΑΡΙΣΗΣ,ΘΕΣΣΑΛΙΑΣ
ΜΑΚΡΥΧΩΡΙΟΥ,ΤΕΜΠΩΝ,ΛΑΡΙΣΑΣ,ΘΕΣΣΑΛΙΑΣ,ΜΑΚΡΥΧΩΡΙΟΥ,ΛΑΡΙΣΗΣ,ΘΕΣΣΑΛΙΑΣ
ΝΕΣΣΩΝΟΣ,ΤΕΜΠΩΝ,ΛΑΡΙΣΑΣ,ΘΕΣΣΑΛΙΑΣ,ΝΕΣΣΩΝΟΣ,ΛΑΡΙΣΗΣ,ΘΕΣΣΑΛΙΑΣ
ΑΜΠΕΛΩΝΟΣ,ΤΥΡΝΑΒΟΥ,ΛΑΡΙΣΑΣ,ΘΕΣΣΑΛΙΑΣ,ΑΜΠΕΛΩΝΟΣ,ΛΑΡΙΣΗΣ,ΘΕΣΣΑΛΙΑΣ
ΤΥΡΝΑΒΟΥ,ΤΥΡΝΑΒΟΥ,ΛΑΡΙΣΑΣ,ΘΕΣΣΑΛΙΑΣ,ΤΥΡΝΑΒΟΥ,ΛΑΡΙΣΗΣ,ΘΕΣΣΑΛΙΑΣ
ΕΝΙΠΠΕΑ,ΦΑΡΣΑΛΩΝ,ΛΑΡΙΣΑΣ,ΘΕΣΣΑΛΙΑΣ,ΕΝΙΠΠΕΑ,ΛΑΡΙΣΗΣ,ΘΕΣΣΑΛΙΑΣ
ΝΑΡΘΑΚΙΟΥ,ΦΑΡΣΑΛΩΝ,ΛΑΡΙΣΑΣ,ΘΕΣΣΑΛΙΑΣ,ΝΑΡΘΑΚΙΟΥ,ΛΑΡΙΣΗΣ,ΘΕΣΣΑΛΙΑΣ
ΠΟΛΥΔΑΜΑΝΤΑ,ΦΑΡΣΑΛΩΝ,ΛΑΡΙΣΑΣ,ΘΕΣΣΑΛΙΑΣ,ΠΟΛΥΔΑΜΑΝΤΑ,ΛΑΡΙΣΗΣ,ΘΕΣΣΑΛΙΑΣ
ΦΑΡΣΑΛΩΝ,ΦΑΡΣΑΛΩΝ,ΛΑΡΙΣΑΣ,ΘΕΣΣΑΛΙΑΣ,ΦΑΡΣΑΛΩΝ,ΛΑΡΙΣΗΣ,ΘΕΣΣΑΛΙΑΣ
ΑΛΜΥΡΟΥ,ΑΛΜΥΡΟΥ,ΜΑΓΝΗΣΙΑΣ,ΘΕΣΣΑΛΙΑΣ,ΑΛΜΥΡΟΥ,ΜΑΓΝΗΣΙΑΣ,ΘΕΣΣΑΛΙΑΣ
ΑΝΑΒΡΑΣ,ΑΛΜΥΡΟΥ,ΜΑΓΝΗΣΙΑΣ,ΘΕΣΣΑΛΙΑΣ,ΑΝΑΒΡΑΣ,ΜΑΓΝΗΣΙΑΣ,ΘΕΣΣΑΛΙΑΣ
ΠΤΕΛΕΟΥ,ΑΛΜΥΡΟΥ,ΜΑΓΝΗΣΙΑΣ,ΘΕΣΣΑΛΙΑΣ,ΠΤΕΛΕΟΥ,ΜΑΓΝΗΣΙΑΣ,ΘΕΣΣΑΛΙΑΣ
ΣΟΥΡΠΗΣ,ΑΛΜΥΡΟΥ,ΜΑΓΝΗΣΙΑΣ,ΘΕΣΣΑΛΙΑΣ,ΣΟΥΡΠΗΣ,ΜΑΓΝΗΣΙΑΣ,ΘΕΣΣΑΛΙΑΣ
ΑΓΡΙΑΣ,ΒΟΛΟΥ,ΜΑΓΝΗΣΙΑΣ,ΘΕΣΣΑΛΙΑΣ,ΑΓΡΙΑΣ,ΜΑΓΝΗΣΙΑΣ,ΘΕΣΣΑΛΙΑΣ
ΑΙΣΩΝΙΑΣ,ΒΟΛΟΥ,ΜΑΓΝΗΣΙΑΣ,ΘΕΣΣΑΛΙΑΣ,ΑΙΣΩΝΙΑΣ,ΜΑΓΝΗΣΙΑΣ,ΘΕΣΣΑΛΙΑΣ
ΑΡΤΕΜΙΔΑΣ,ΒΟΛΟΥ,ΜΑΓΝΗΣΙΑΣ,ΘΕΣΣΑΛΙΑΣ,ΑΡΤΕΜΙΔΑΣ,ΜΑΓΝΗΣΙΑΣ,ΘΕΣΣΑΛΙΑΣ
ΒΟΛΟΥ,ΒΟΛΟΥ,ΜΑΓΝΗΣΙΑΣ,ΘΕΣΣΑΛΙΑΣ,ΒΟΛΟΥ,ΜΑΓΝΗΣΙΑΣ,ΘΕΣΣΑΛΙΑΣ
ΙΩΛΚΟΥ,ΒΟΛΟΥ,ΜΑΓΝΗΣΙΑΣ,ΘΕΣΣΑΛΙΑΣ,ΙΩΛΚΟΥ,ΜΑΓΝΗΣΙΑΣ,ΘΕΣΣΑΛΙΑΣ
ΜΑΚΡΙΝΙΤΣΗΣ,ΒΟΛΟΥ,ΜΑΓΝΗΣΙΑΣ,ΘΕΣΣΑΛΙΑΣ,ΜΑΚΡΙΝΙΤΣΗΣ,ΜΑΓΝΗΣΙΑΣ,ΘΕΣΣΑΛΙΑΣ
ΝΕΑΣ ΑΓΧΙΑΛΟΥ,ΒΟΛΟΥ,ΜΑΓΝΗΣΙΑΣ,ΘΕΣΣΑΛΙΑΣ,ΝΕΑΣ ΑΓΧΙΑΛΟΥ,ΜΑΓΝΗΣΙΑΣ,ΘΕΣΣΑΛΙΑΣ
ΝΕΑΣ ΙΩΝΙΑΣ,ΒΟΛΟΥ,ΜΑΓΝΗΣΙΑΣ,ΘΕΣΣΑΛΙΑΣ,ΝΕΑΣ ΙΩΝΙΑΣ,ΜΑΓΝΗΣΙΑΣ,ΘΕΣΣΑΛΙΑΣ
ΠΟΡΤΑΡΙΑΣ,ΒΟΛΟΥ,ΜΑΓΝΗΣΙΑΣ,ΘΕΣΣΑΛΙΑΣ,ΠΟΡΤΑΡΙΑΣ,ΜΑΓΝΗΣΙΑΣ,ΘΕΣΣΑΛΙΑΣ
ΖΑΓΟΡΑΣ,ΖΑΓΟΡΑΣ-ΜΟΥΡΕΣΙΟΥ,ΜΑΓΝΗΣΙΑΣ,ΘΕΣΣΑΛΙΑΣ,ΖΑΓΟΡΑΣ,ΜΑΓΝΗΣΙΑΣ,ΘΕΣΣΑΛΙΑΣ
ΜΟΥΡΕΣΙΟΥ,ΖΑΓΟΡΑΣ-ΜΟΥΡΕΣΙΟΥ,ΜΑΓΝΗΣΙΑΣ,ΘΕΣΣΑΛΙΑΣ,ΜΟΥΡΕΣΙΟΥ,ΜΑΓΝΗΣΙΑΣ,ΘΕΣΣΑΛΙΑΣ
ΑΡΓΑΛΑΣΤΗΣ,ΝΟΤΙΟΥ ΠΗΛΙΟΥ,ΜΑΓΝΗΣΙΑΣ,ΘΕΣΣΑΛΙΑΣ,ΑΡΓΑΛΑΣΤΗΣ,ΜΑΓΝΗΣΙΑΣ,ΘΕΣΣΑΛΙΑΣ
ΑΦΕΤΩΝ,ΝΟΤΙΟΥ ΠΗΛΙΟΥ,ΜΑΓΝΗΣΙΑΣ,ΘΕΣΣΑΛΙΑΣ,ΑΦΕΤΩΝ,ΜΑΓΝΗΣΙΑΣ,ΘΕΣΣΑΛΙΑΣ
ΜΗΛΕΩΝ,ΝΟΤΙΟΥ ΠΗΛΙΟΥ,ΜΑΓΝΗΣΙΑΣ,ΘΕΣΣΑΛΙΑΣ,ΜΗΛΕΩΝ,ΜΑΓΝΗΣΙΑΣ,ΘΕΣΣΑΛΙΑΣ
ΣΗΠΙΑΔΟΣ,ΝΟΤΙΟΥ ΠΗΛΙΟΥ,ΜΑΓΝΗΣΙΑΣ,ΘΕΣΣΑΛΙΑΣ,ΣΗΠΙΑΔΟΣ,ΜΑΓΝΗΣΙΑΣ,ΘΕΣΣΑΛΙΑΣ
ΤΡΙΚΕΡΙΟΥ,ΝΟΤΙΟΥ ΠΗΛΙΟΥ,ΜΑΓΝΗΣΙΑΣ,ΘΕΣΣΑΛΙΑΣ,ΤΡΙΚΕΡΙΟΥ,ΜΑΓΝΗΣΙΑΣ,ΘΕΣΣΑΛΙΑΣ
ΚΑΡΛΑΣ,ΡΗΓΑ ΦΕΡΡΑΙΟΥ,ΜΑΓΝΗΣΙΑΣ,ΘΕΣΣΑΛΙΑΣ,ΚΑΡΛΑΣ,ΜΑΓΝΗΣΙΑΣ,ΘΕΣΣΑΛΙΑΣ
ΚΕΡΑΜΙΔΙΟΥ,ΡΗΓΑ ΦΕΡΡΑΙΟΥ,ΜΑΓΝΗΣΙΑΣ,ΘΕΣΣΑΛΙΑΣ,ΚΕΡΑΜΙΔΙΟΥ,ΜΑΓΝΗΣΙΑΣ,ΘΕΣΣΑΛΙΑΣ
ΦΕΡΩΝ,ΡΗΓΑ ΦΕΡΡΑΙΟΥ,ΜΑΓΝΗΣΙΑΣ,ΘΕΣΣΑΛΙΑΣ,ΦΕΡΩΝ,ΜΑΓΝΗΣΙΑΣ,ΘΕΣΣΑΛΙΑΣ
ΑΛΟΝΝΗΣΟΥ,ΑΛΟΝΝΗΣΟΥ,ΣΠΟΡΑΔΩΝ,ΘΕΣΣΑΛΙΑΣ,ΑΛΟΝΝΗΣΟΥ,ΜΑΓΝΗΣΙΑΣ,ΘΕΣΣΑΛΙΑΣ
ΣΚΙΑΘΟΥ,ΣΚΙΑΘΟΥ,ΣΠΟΡΑΔΩΝ,ΘΕΣΣΑΛΙΑΣ,ΣΚΙΑΘΟΥ,ΜΑΓΝΗΣΙΑΣ,ΘΕΣΣΑΛΙΑΣ
ΣΚΟΠΕΛΟΥ,ΣΚΟΠΕΛΟΥ,ΣΠΟΡΑΔΩΝ,ΘΕΣΣΑΛΙΑΣ,ΣΚΟΠΕΛΟΥ,ΜΑΓΝΗΣΙΑΣ,ΘΕΣΣΑΛΙΑΣ
ΑΣΠΡΟΠΟΤΑΜΟΥ,ΚΑΛΑΜΠΑΚΑΣ,ΤΡΙΚΑΛΩΝ,ΘΕΣΣΑΛΙΑΣ,ΑΣΠΡΟΠΟΤΑΜΟΥ,ΤΡΙΚΑΛΩΝ,ΘΕΣΣΑΛΙΑΣ
ΒΑΣΙΛΙΚΗΣ,ΚΑΛΑΜΠΑΚΑΣ,ΤΡΙΚΑΛΩΝ,ΘΕΣΣΑΛΙΑΣ,ΒΑΣΙΛΙΚΗΣ,ΤΡΙΚΑΛΩΝ,ΘΕΣΣΑΛΙΑΣ
ΚΑΛΑΜΠΑΚΑΣ,ΚΑΛΑΜΠΑΚΑΣ,ΤΡΙΚΑΛΩΝ,ΘΕΣΣΑΛΙΑΣ,ΚΑΛΑΜΠΑΚΑΣ,ΤΡΙΚΑΛΩΝ,ΘΕΣΣΑΛΙΑΣ
ΚΑΣΤΑΝΙΑΣ,ΚΑΛΑΜΠΑΚΑΣ,ΤΡΙΚΑΛΩΝ,ΘΕΣΣΑΛΙΑΣ,ΚΑΣΤΑΝΙΑΣ,ΤΡΙΚΑΛΩΝ,ΘΕΣΣΑΛΙΑΣ
ΚΛΕΙΝΟΒΟΥ,ΚΑΛΑΜΠΑΚΑΣ,ΤΡΙΚΑΛΩΝ,ΘΕΣΣΑΛΙΑΣ,ΚΛΕΙΝΟΒΟΥ,ΤΡΙΚΑΛΩΝ,ΘΕΣΣΑΛΙΑΣ
ΜΑΛΑΚΑΣΙΟΥ,ΚΑΛΑΜΠΑΚΑΣ,ΤΡΙΚΑΛΩΝ,ΘΕΣΣΑΛΙΑΣ,ΜΑΛΑΚΑΣΙΟΥ,ΤΡΙΚΑΛΩΝ,ΘΕΣΣΑΛΙΑΣ
ΤΥΜΦΑΙΩΝ,ΚΑΛΑΜΠΑΚΑΣ,ΤΡΙΚΑΛΩΝ,ΘΕΣΣΑΛΙΑΣ,ΤΥΜΦΑΙΩΝ,ΤΡΙΚΑΛΩΝ,ΘΕΣΣΑΛΙΑΣ
ΧΑΣΙΩΝ,ΚΑΛΑΜΠΑΚΑΣ,ΤΡΙΚΑΛΩΝ,ΘΕΣΣΑΛΙΑΣ,ΧΑΣΙΩΝ,ΤΡΙΚΑΛΩΝ,ΘΕΣΣΑΛΙΑΣ
ΑΙΘΗΚΩΝ,ΠΥΛΗΣ,ΤΡΙΚΑΛΩΝ,ΘΕΣΣΑΛΙΑΣ,ΑΙΘΗΚΩΝ,ΤΡΙΚΑΛΩΝ,ΘΕΣΣΑΛΙΑΣ
ΓΟΜΦΩΝ,ΠΥΛΗΣ,ΤΡΙΚΑΛΩΝ,ΘΕΣΣΑΛΙΑΣ,ΓΟΜΦΩΝ,ΤΡΙΚΑΛΩΝ,ΘΕΣΣΑΛΙΑΣ
ΜΥΡΟΦΥΛΛΟΥ,ΠΥΛΗΣ,ΤΡΙΚΑΛΩΝ,ΘΕΣΣΑΛΙΑΣ,ΜΥΡΟΦΥΛΛΟΥ,ΤΡΙΚΑΛΩΝ,ΘΕΣΣΑΛΙΑΣ
ΝΕΡΑΙΔΑΣ,ΠΥΛΗΣ,ΤΡΙΚΑΛΩΝ,ΘΕΣΣΑΛΙΑΣ,ΝΕΡΑΙΔΑΣ,ΤΡΙΚΑΛΩΝ,ΘΕΣΣΑΛΙΑΣ
ΠΙΑΛΕΙΩΝ,ΠΥΛΗΣ,ΤΡΙΚΑΛΩΝ,ΘΕΣΣΑΛΙΑΣ,ΠΙΑΛΕΙΩΝ,ΤΡΙΚΑΛΩΝ,ΘΕΣΣΑΛΙΑΣ
ΠΙΝΔΕΩΝ,ΠΥΛΗΣ,ΤΡΙΚΑΛΩΝ,ΘΕΣΣΑΛΙΑΣ,ΠΙΝΔΕΩΝ,ΤΡΙΚΑΛΩΝ,ΘΕΣΣΑΛΙΑΣ
ΠΥΛΗΣ,ΠΥΛΗΣ,ΤΡΙΚΑΛΩΝ,ΘΕΣΣΑΛΙΑΣ,ΠΥΛΗΣ,ΤΡΙΚΑΛΩΝ,ΘΕΣΣΑΛΙΑΣ
ΕΣΤΙΑΙΩΤΙΔΑΣ,ΤΡΙΚΚΑΙΩΝ,ΤΡΙΚΑΛΩΝ,ΘΕΣΣΑΛΙΑΣ,ΕΣΤΙΑΙΩΤΙΔΑΣ,ΤΡΙΚΑΛΩΝ,ΘΕΣΣΑΛΙΑΣ
ΚΑΛΛΙΔΕΝΔΡΟΥ,ΤΡΙΚΚΑΙΩΝ,ΤΡΙΚΑΛΩΝ,ΘΕΣΣΑΛΙΑΣ,ΚΑΛΛΙΔΕΝΔΡΟΥ,ΤΡΙΚΑΛΩΝ,ΘΕΣΣΑΛΙΑΣ
ΚΟΖΙΑΚΑ,ΤΡΙΚΚΑΙΩΝ,ΤΡΙΚΑΛΩΝ,ΘΕΣΣΑΛΙΑΣ,ΚΟΖΙΑΚΑ,ΤΡΙΚΑΛΩΝ,ΘΕΣΣΑΛΙΑΣ
ΜΕΓΑΛΩΝ ΚΑΛΥΒΙΩΝ,ΤΡΙΚΚΑΙΩΝ,ΤΡΙΚΑΛΩΝ,ΘΕΣΣΑΛΙΑΣ,ΜΕΓΑΛΩΝ ΚΑΛΥΒΙΩΝ,ΤΡΙΚΑΛΩΝ,ΘΕΣΣΑΛΙΑΣ
ΠΑΛΗΟΚΑΣΤΡΟΥ,ΤΡΙΚΚΑΙΩΝ,ΤΡΙΚΑΛΩΝ,ΘΕΣΣΑΛΙΑΣ,ΠΑΛΗΟΚΑΣΤΡΟΥ,ΤΡΙΚΑΛΩΝ,ΘΕΣΣΑΛΙΑΣ
ΠΑΡΑΛΗΘΑΙΩΝ,ΤΡΙΚΚΑΙΩΝ,ΤΡΙΚΑΛΩΝ,ΘΕΣΣΑΛΙΑΣ,ΠΑΡΑΛΗΘΑΙΩΝ,ΤΡΙΚΑΛΩΝ,ΘΕΣΣΑΛΙΑΣ
ΤΡΙΚΚΑΙΩΝ,ΤΡΙΚΚΑΙΩΝ,ΤΡΙΚΑΛΩΝ,ΘΕΣΣΑΛΙΑΣ,ΤΡΙΚΚΑΙΩΝ,ΤΡΙΚΑΛΩΝ,ΘΕΣΣΑΛΙΑΣ
ΦΑΛΩΡΕΙΑΣ,ΤΡΙΚΚΑΙΩΝ,ΤΡΙΚΑΛΩΝ,ΘΕΣΣΑΛΙΑΣ,ΦΑΛΩΡΕΙΑΣ,ΤΡΙΚΑΛΩΝ,ΘΕΣΣΑΛΙΑΣ
ΟΙΧΑΛΙΑΣ,ΦΑΡΚΑΔΟΝΑΣ,ΤΡΙΚΑΛΩΝ,ΘΕΣΣΑΛΙΑΣ,ΟΙΧΑΛΙΑΣ,ΤΡΙΚΑΛΩΝ,ΘΕΣΣΑΛΙΑΣ
ΠΕΛΙΝΝΑΙΩΝ,ΦΑΡΚΑΔΟΝΑΣ,ΤΡΙΚΑΛΩΝ,ΘΕΣΣΑΛΙΑΣ,ΠΕΛΙΝΝΑΙΩΝ,ΤΡΙΚΑΛΩΝ,ΘΕΣΣΑΛΙΑΣ
ΦΑΡΚΑΔΟΝΑΣ,ΦΑΡΚΑΔΟΝΑΣ,ΤΡΙΚΑΛΩΝ,ΘΕΣΣΑΛΙΑΣ,ΦΑΡΚΑΔΟΝΑΣ,ΤΡΙΚΑΛΩΝ,ΘΕΣΣΑΛΙΑΣ
ΑΛΥΚΩΝ,ΖΑΚΥΝΘΟΥ,ΖΑΚΥΝΘΟΥ,ΙΟΝΙΩΝ ΝΗΣΩΝ,ΑΛΥΚΩΝ,ΖΑΚΥΝΘΟΥ,ΙΟΝΙΩΝ ΝΗΣΩΝ
ΑΡΚΑΔΙΩΝ,ΖΑΚΥΝΘΟΥ,ΖΑΚΥΝΘΟΥ,ΙΟΝΙΩΝ ΝΗΣΩΝ,ΑΡΚΑΔΙΩΝ,ΖΑΚΥΝΘΟΥ,ΙΟΝΙΩΝ ΝΗΣΩΝ
ΑΡΤΕΜΙΣΙΩΝ,ΖΑΚΥΝΘΟΥ,ΖΑΚΥΝΘΟΥ,ΙΟΝΙΩΝ ΝΗΣΩΝ,ΑΡΤΕΜΙΣΙΩΝ,ΖΑΚΥΝΘΟΥ,ΙΟΝΙΩΝ ΝΗΣΩΝ
ΕΛΑΤΙΩΝ,ΖΑΚΥΝΘΟΥ,ΖΑΚΥΝΘΟΥ,ΙΟΝΙΩΝ ΝΗΣΩΝ,ΕΛΑΤΙΩΝ,ΖΑΚΥΝΘΟΥ,ΙΟΝΙΩΝ ΝΗΣΩΝ
ΖΑΚΥΝΘΙΩΝ,ΖΑΚΥΝΘΟΥ,ΖΑΚΥΝΘΟΥ,ΙΟΝΙΩΝ ΝΗΣΩΝ,ΖΑΚΥΝΘΙΩΝ,ΖΑΚΥΝΘΟΥ,ΙΟΝΙΩΝ ΝΗΣΩΝ
ΛΑΓΑΝΑ,ΖΑΚΥΝΘΟΥ,ΖΑΚΥΝΘΟΥ,ΙΟΝΙΩΝ ΝΗΣΩΝ,ΛΑΓΑΝΑ,ΖΑΚΥΝΘΟΥ,ΙΟΝΙΩΝ ΝΗΣΩΝ
ΙΘΑΚΗΣ,ΙΘΑΚΗΣ,ΙΘΑΚΗΣ,ΙΟΝΙΩΝ ΝΗΣΩΝ,ΙΘΑΚΗΣ,ΚΕΦΑΛΛΗΝΙΑΣ,ΙΟΝΙΩΝ ΝΗΣΩΝ
ΑΓΙΟΥ ΓΕΩΡΓΙΟΥ,ΚΕΡΚΥΡΑΣ,ΚΕΡΚΥΡΑΣ,ΙΟΝΙΩΝ ΝΗΣΩΝ,ΑΓΙΟΥ ΓΕΩΡΓΙΟΥ,ΚΕΡΚΥΡΑΣ,ΙΟΝΙΩΝ ΝΗΣΩΝ
ΑΧΙΛΛΕΙΩΝ,ΚΕΡΚΥΡΑΣ,ΚΕΡΚΥΡΑΣ,ΙΟΝΙΩΝ ΝΗΣΩΝ,ΑΧΙΛΛΕΙΩΝ,ΚΕΡΚΥΡΑΣ,ΙΟΝΙΩΝ ΝΗΣΩΝ
ΕΡΕΙΚΟΥΣΣΗΣ,ΚΕΡΚΥΡΑΣ,ΚΕΡΚΥΡΑΣ,ΙΟΝΙΩΝ ΝΗΣΩΝ,ΕΡΕΙΚΟΥΣΣΗΣ,ΚΕΡΚΥΡΑΣ,ΙΟΝΙΩΝ ΝΗΣΩΝ
ΕΣΠΕΡΙΩΝ,ΚΕΡΚΥΡΑΣ,ΚΕΡΚΥΡΑΣ,ΙΟΝΙΩΝ ΝΗΣΩΝ,ΕΣΠΕΡΙΩΝ,ΚΕΡΚΥΡΑΣ,ΙΟΝΙΩΝ ΝΗΣΩΝ
ΘΙΝΑΛΙΟΥ,ΚΕΡΚΥΡΑΣ,ΚΕΡΚΥΡΑΣ,ΙΟΝΙΩΝ ΝΗΣΩΝ,ΘΙΝΑΛΙΟΥ,ΚΕΡΚΥΡΑΣ,ΙΟΝΙΩΝ ΝΗΣΩΝ
ΚΑΣΣΩΠΑΙΩΝ,ΚΕΡΚΥΡΑΣ,ΚΕΡΚΥΡΑΣ,ΙΟΝΙΩΝ ΝΗΣΩΝ,ΚΑΣΣΩΠΑΙΩΝ,ΚΕΡΚΥΡΑΣ,ΙΟΝΙΩΝ ΝΗΣΩΝ
ΚΕΡΚΥΡΑΙΩΝ,ΚΕΡΚΥΡΑΣ,ΚΕΡΚΥΡΑΣ,ΙΟΝΙΩΝ ΝΗΣΩΝ,ΚΕΡΚΥΡΑΙΩΝ,ΚΕΡΚΥΡΑΣ,ΙΟΝΙΩΝ ΝΗΣΩΝ
ΚΟΡΙΣΣΙΩΝ,ΚΕΡΚΥΡΑΣ,ΚΕΡΚΥΡΑΣ,ΙΟΝΙΩΝ ΝΗΣΩΝ,ΚΟΡΙΣΣΙΩΝ,ΚΕΡΚΥΡΑΣ,ΙΟΝΙΩΝ ΝΗΣΩΝ
ΛΕΥΚΙΜΜΑΙΩΝ,ΚΕΡΚΥΡΑΣ,ΚΕΡΚΥΡΑΣ,ΙΟΝΙΩΝ ΝΗΣΩΝ,ΛΕΥΚΙΜΜΑΙΩΝ,ΚΕΡΚΥΡΑΣ,ΙΟΝΙΩΝ ΝΗΣΩΝ
ΜΑΘΡΑΚΙΟΥ,ΚΕΡΚΥΡΑΣ,ΚΕΡΚΥΡΑΣ,ΙΟΝΙΩΝ ΝΗΣΩΝ,ΜΑΘΡΑΚΙΟΥ,ΚΕΡΚΥΡΑΣ,ΙΟΝΙΩΝ ΝΗΣΩΝ
ΜΕΛΙΤΕΙΕΩΝ,ΚΕΡΚΥΡΑΣ,ΚΕΡΚΥΡΑΣ,ΙΟΝΙΩΝ ΝΗΣΩΝ,ΜΕΛΙΤΕΙΕΩΝ,ΚΕΡΚΥΡΑΣ,ΙΟΝΙΩΝ ΝΗΣΩΝ
ΟΘΩΝΩΝ,ΚΕΡΚΥΡΑΣ,ΚΕΡΚΥΡΑΣ,ΙΟΝΙΩΝ ΝΗΣΩΝ,ΟΘΩΝΩΝ,ΚΕΡΚΥΡΑΣ,ΙΟΝΙΩΝ ΝΗΣΩΝ
ΠΑΛΑΙΟΚΑΣΤΡΙΤΩΝ,ΚΕΡΚΥΡΑΣ,ΚΕΡΚΥΡΑΣ,ΙΟΝΙΩΝ ΝΗΣΩΝ,ΠΑΛΑΙΟΚΑΣΤΡΙΤΩΝ,ΚΕΡΚΥΡΑΣ,ΙΟΝΙΩΝ ΝΗΣΩΝ
ΠΑΡΕΛΙΩΝ,ΚΕΡΚΥΡΑΣ,ΚΕΡΚΥΡΑΣ,ΙΟΝΙΩΝ ΝΗΣΩΝ,ΠΑΞΩΝ,ΚΕΡΚΥΡΑΣ,ΙΟΝΙΩΝ ΝΗΣΩΝ
ΠΑΡΕΛΙΩΝ,ΚΕΡΚΥΡΑΣ,ΚΕΡΚΥΡΑΣ,ΙΟΝΙΩΝ ΝΗΣΩΝ,ΠΑΡΕΛΙΩΝ,ΚΕΡΚΥΡΑΣ,ΙΟΝΙΩΝ ΝΗΣΩΝ
ΦΑΙΑΚΩΝ,ΚΕΡΚΥΡΑΣ,ΚΕΡΚΥΡΑΣ,ΙΟΝΙΩΝ ΝΗΣΩΝ,ΠΑΡΕΛΙΩΝ,ΚΕΡΚΥΡΑΣ,ΙΟΝΙΩΝ ΝΗΣΩΝ
ΦΑΙΑΚΩΝ,ΚΕΡΚΥΡΑΣ,ΚΕΡΚΥΡΑΣ,ΙΟΝΙΩΝ ΝΗΣΩΝ,ΦΑΙΑΚΩΝ,ΚΕΡΚΥΡΑΣ,ΙΟΝΙΩΝ ΝΗΣΩΝ
ΠΑΞΩΝ,ΠΑΞΩΝ,ΚΕΡΚΥΡΑΣ,ΙΟΝΙΩΝ ΝΗΣΩΝ,ΦΑΙΑΚΩΝ,ΚΕΡΚΥΡΑΣ,ΙΟΝΙΩΝ ΝΗΣΩΝ
ΑΡΓΟΣΤΟΛΙΟΥ,ΚΕΦΑΛΟΝΙΑΣ,ΚΕΦΑΛΛΗΝΙΑΣ,ΙΟΝΙΩΝ ΝΗΣΩΝ,ΑΡΓΟΣΤΟΛΙΟΥ,ΚΕΦΑΛΛΗΝΙΑΣ,ΙΟΝΙΩΝ ΝΗΣΩΝ
ΕΛΕΙΟΥ - ΠΡΟΝΩΝ,ΚΕΦΑΛΟΝΙΑΣ,ΚΕΦΑΛΛΗΝΙΑΣ,ΙΟΝΙΩΝ ΝΗΣΩΝ,ΕΛΕΙΟΥ - ΠΡΟΝΩΝ,ΚΕΦΑΛΛΗΝΙΑΣ,ΙΟΝΙΩΝ ΝΗΣΩΝ
ΕΡΙΣΟΥ,ΚΕΦΑΛΟΝΙΑΣ,ΚΕΦΑΛΛΗΝΙΑΣ,ΙΟΝΙΩΝ ΝΗΣΩΝ,ΕΡΙΣΟΥ,ΚΕΦΑΛΛΗΝΙΑΣ,ΙΟΝΙΩΝ ΝΗΣΩΝ
ΛΕΙΒΑΘΟΥΣ,ΚΕΦΑΛΟΝΙΑΣ,ΚΕΦΑΛΛΗΝΙΑΣ,ΙΟΝΙΩΝ ΝΗΣΩΝ,ΛΕΙΒΑΘΟΥΣ,ΚΕΦΑΛΛΗΝΙΑΣ,ΙΟΝΙΩΝ ΝΗΣΩΝ
ΟΜΑΛΩΝ,ΚΕΦΑΛΟΝΙΑΣ,ΚΕΦΑΛΛΗΝΙΑΣ,ΙΟΝΙΩΝ ΝΗΣΩΝ,ΟΜΑΛΩΝ,ΚΕΦΑΛΛΗΝΙΑΣ,ΙΟΝΙΩΝ ΝΗΣΩΝ
ΠΑΛΙΚΗΣ,ΚΕΦΑΛΟΝΙΑΣ,ΚΕΦΑΛΛΗΝΙΑΣ,ΙΟΝΙΩΝ ΝΗΣΩΝ,ΠΑΛΙΚΗΣ,ΚΕΦΑΛΛΗΝΙΑΣ,ΙΟΝΙΩΝ ΝΗΣΩΝ
ΠΥΛΑΡΕΩΝ,ΚΕΦΑΛΟΝΙΑΣ,ΚΕΦΑΛΛΗΝΙΑΣ,ΙΟΝΙΩΝ ΝΗΣΩΝ,ΠΥΛΑΡΕΩΝ,ΚΕΦΑΛΛΗΝΙΑΣ,ΙΟΝΙΩΝ ΝΗΣΩΝ
ΣΑΜΗΣ,ΚΕΦΑΛΟΝΙΑΣ,ΚΕΦΑΛΛΗΝΙΑΣ,ΙΟΝΙΩΝ ΝΗΣΩΝ,ΣΑΜΗΣ,ΚΕΦΑΛΛΗΝΙΑΣ,ΙΟΝΙΩΝ ΝΗΣΩΝ
ΑΠΟΛΛΩΝΙΩΝ,ΛΕΥΚΑΔΑΣ,ΛΕΥΚΑΔΑΣ,ΙΟΝΙΩΝ ΝΗΣΩΝ,ΑΠΟΛΛΩΝΙΩΝ,ΛΕΥΚΑΔΟΣ,ΙΟΝΙΩΝ ΝΗΣΩΝ
ΕΛΛΟΜΕΝΟΥ,ΛΕΥΚΑΔΑΣ,ΛΕΥΚΑΔΑΣ,ΙΟΝΙΩΝ ΝΗΣΩΝ,ΕΛΛΟΜΕΝΟΥ,ΛΕΥΚΑΔΟΣ,ΙΟΝΙΩΝ ΝΗΣΩΝ
ΚΑΛΑΜΟΥ,ΛΕΥΚΑΔΑΣ,ΛΕΥΚΑΔΑΣ,ΙΟΝΙΩΝ ΝΗΣΩΝ,ΚΑΛΑΜΟΥ,ΛΕΥΚΑΔΟΣ,ΙΟΝΙΩΝ ΝΗΣΩΝ
ΚΑΡΥΑΣ,ΛΕΥΚΑΔΑΣ,ΛΕΥΚΑΔΑΣ,ΙΟΝΙΩΝ ΝΗΣΩΝ,ΚΑΡΥΑΣ,ΛΕΥΚΑΔΟΣ,ΙΟΝΙΩΝ ΝΗΣΩΝ
ΚΑΣΤΟΥ,ΛΕΥΚΑΔΑΣ,ΛΕΥΚΑΔΑΣ,ΙΟΝΙΩΝ ΝΗΣΩΝ,ΚΑΣΤΟΥ,ΛΕΥΚΑΔΟΣ,ΙΟΝΙΩΝ ΝΗΣΩΝ
ΛΕΥΚΑΔΟΣ,ΛΕΥΚΑΔΑΣ,ΛΕΥΚΑΔΑΣ,ΙΟΝΙΩΝ ΝΗΣΩΝ,ΛΕΥΚΑΔΟΣ,ΛΕΥΚΑΔΟΣ,ΙΟΝΙΩΝ ΝΗΣΩΝ
ΣΦΑΚΙΩΤΩΝ,ΛΕΥΚΑΔΑΣ,ΛΕΥΚΑΔΑΣ,ΙΟΝΙΩΝ ΝΗΣΩΝ,ΣΦΑΚΙΩΤΩΝ,ΛΕΥΚΑΔΟΣ,ΙΟΝΙΩΝ ΝΗΣΩΝ
ΜΕΓΑΝΗΣΙΟΥ,ΜΕΓΑΝΗΣΙΟΥ,ΛΕΥΚΑΔΑΣ,ΙΟΝΙΩΝ ΝΗΣΩΝ,ΜΕΓΑΝΗΣΙΟΥ,ΛΕΥΚΑΔΟΣ,ΙΟΝΙΩΝ ΝΗΣΩΝ
ΑΓΓΕΛΟΚΑΣΤΡΟΥ,ΑΓΡΙΝΙΟΥ,ΑΙΤΩΛΟΑΚΑΡΝΑΝΙΑΣ,ΔΥΤΙΚΗΣ ΕΛΛΑΔΑΣ,ΑΓΓΕΛΟΚΑΣΤΡΟΥ,ΑΙΤΩΛ/ΝΙΑΣ,ΔΥΤΙΚΗΣ ΕΛΛΑΔΑΣ
ΑΓΡΙΝΙΟΥ,ΑΓΡΙΝΙΟΥ,ΑΙΤΩΛΟΑΚΑΡΝΑΝΙΑΣ,ΔΥΤΙΚΗΣ ΕΛΛΑΔΑΣ,ΑΓΡΙΝΙΟΥ,ΑΙΤΩΛ/ΝΙΑΣ,ΔΥΤΙΚΗΣ ΕΛΛΑΔΑΣ
ΑΡΑΚΥΝΘΟΥ,ΑΓΡΙΝΙΟΥ,ΑΙΤΩΛΟΑΚΑΡΝΑΝΙΑΣ,ΔΥΤΙΚΗΣ ΕΛΛΑΔΑΣ,ΑΡΑΚΥΝΘΟΥ,ΑΙΤΩΛ/ΝΙΑΣ,ΔΥΤΙΚΗΣ ΕΛΛΑΔΑΣ
ΘΕΣΤΙΕΩΝ,ΑΓΡΙΝΙΟΥ,ΑΙΤΩΛΟΑΚΑΡΝΑΝΙΑΣ,ΔΥΤΙΚΗΣ ΕΛΛΑΔΑΣ,ΘΕΣΤΙΕΩΝ,ΑΙΤΩΛ/ΝΙΑΣ,ΔΥΤΙΚΗΣ ΕΛΛΑΔΑΣ
ΜΑΚΡΥΝΕΙΑΣ,ΑΓΡΙΝΙΟΥ,ΑΙΤΩΛΟΑΚΑΡΝΑΝΙΑΣ,ΔΥΤΙΚΗΣ ΕΛΛΑΔΑΣ,ΜΑΚΡΥΝΕΙΑΣ,ΑΙΤΩΛ/ΝΙΑΣ,ΔΥΤΙΚΗΣ ΕΛΛΑΔΑΣ
ΝΕΑΠΟΛΗΣ,ΑΓΡΙΝΙΟΥ,ΑΙΤΩΛΟΑΚΑΡΝΑΝΙΑΣ,ΔΥΤΙΚΗΣ ΕΛΛΑΔΑΣ,ΝΕΑΠΟΛΗΣ,ΑΙΤΩΛ/ΝΙΑΣ,ΔΥΤΙΚΗΣ ΕΛΛΑΔΑΣ
ΠΑΝΑΙΤΩΛΙΚΟΥ,ΑΓΡΙΝΙΟΥ,ΑΙΤΩΛΟΑΚΑΡΝΑΝΙΑΣ,ΔΥΤΙΚΗΣ ΕΛΛΑΔΑΣ,ΠΑΝΑΙΤΩΛΙΚΟΥ,ΑΙΤΩΛ/ΝΙΑΣ,ΔΥΤΙΚΗΣ ΕΛΛΑΔΑΣ
ΠΑΡΑΒΟΛΑΣ,ΑΓΡΙΝΙΟΥ,ΑΙΤΩΛΟΑΚΑΡΝΑΝΙΑΣ,ΔΥΤΙΚΗΣ ΕΛΛΑΔΑΣ,ΠΑΡΑΒΟΛΑΣ,ΑΙΤΩΛ/ΝΙΑΣ,ΔΥΤΙΚΗΣ ΕΛΛΑΔΑΣ
ΠΑΡΑΚΑΜΠΥΛΙΩΝ,ΑΓΡΙΝΙΟΥ,ΑΙΤΩΛΟΑΚΑΡΝΑΝΙΑΣ,ΔΥΤΙΚΗΣ ΕΛΛΑΔΑΣ,ΠΑΡΑΚΑΜΠΥΛΙΩΝ,ΑΙΤΩΛ/ΝΙΑΣ,ΔΥΤΙΚΗΣ ΕΛΛΑΔΑΣ
ΣΤΡΑΤΟΥ,ΑΓΡΙΝΙΟΥ,ΑΙΤΩΛΟΑΚΑΡΝΑΝΙΑΣ,ΔΥΤΙΚΗΣ ΕΛΛΑΔΑΣ,ΣΤΡΑΤΟΥ,ΑΙΤΩΛ/ΝΙΑΣ,ΔΥΤΙΚΗΣ ΕΛΛΑΔΑΣ
ΑΝΑΚΤΟΡΙΟΥ,ΑΚΤΙΟΥ-ΒΟΝΙΤΣΑΣ,ΑΙΤΩΛΟΑΚΑΡΝΑΝΙΑΣ,ΔΥΤΙΚΗΣ ΕΛΛΑΔΑΣ,ΑΝΑΚΤΟΡΙΟΥ,ΑΙΤΩΛ/ΝΙΑΣ,ΔΥΤΙΚΗΣ ΕΛΛΑΔΑΣ
ΜΕΔΕΩΝΟΣ,ΑΚΤΙΟΥ-ΒΟΝΙΤΣΑΣ,ΑΙΤΩΛΟΑΚΑΡΝΑΝΙΑΣ,ΔΥΤΙΚΗΣ ΕΛΛΑΔΑΣ,ΜΕΔΕΩΝΟΣ,ΑΙΤΩΛ/ΝΙΑΣ,ΔΥΤΙΚΗΣ ΕΛΛΑΔΑΣ
ΠΑΛΑΙΡΟΥ,ΑΚΤΙΟΥ-ΒΟΝΙΤΣΑΣ,ΑΙΤΩΛΟΑΚΑΡΝΑΝΙΑΣ,ΔΥΤΙΚΗΣ ΕΛΛΑΔΑΣ,ΠΑΛΑΙΡΟΥ,ΑΙΤΩΛ/ΝΙΑΣ,ΔΥΤΙΚΗΣ ΕΛΛΑΔΑΣ
ΑΜΦΙΛΟΧΙΑΣ,ΑΜΦΙΛΟΧΙΑΣ,ΑΙΤΩΛΟΑΚΑΡΝΑΝΙΑΣ,ΔΥΤΙΚΗΣ ΕΛΛΑΔΑΣ,ΑΜΦΙΛΟΧΙΑΣ,ΑΙΤΩΛ/ΝΙΑΣ,ΔΥΤΙΚΗΣ ΕΛΛΑΔΑΣ
ΙΝΑΧΟΥ,ΑΜΦΙΛΟΧΙΑΣ,ΑΙΤΩΛΟΑΚΑΡΝΑΝΙΑΣ,ΔΥΤΙΚΗΣ ΕΛΛΑΔΑΣ,ΙΝΑΧΟΥ,ΑΙΤΩΛ/ΝΙΑΣ,ΔΥΤΙΚΗΣ ΕΛΛΑΔΑΣ
ΜΕΝΙΔΙΟΥ,ΑΜΦΙΛΟΧΙΑΣ,ΑΙΤΩΛΟΑΚΑΡΝΑΝΙΑΣ,ΔΥΤΙΚΗΣ ΕΛΛΑΔΑΣ,ΜΕΝΙΔΙΟΥ,ΑΙΤΩΛ/ΝΙΑΣ,ΔΥΤΙΚΗΣ ΕΛΛΑΔΑΣ
ΘΕΡΜΟΥ,ΘΕΡΜΟΥ,ΑΙΤΩΛΟΑΚΑΡΝΑΝΙΑΣ,ΔΥΤΙΚΗΣ ΕΛΛΑΔΑΣ,ΘΕΡΜΟΥ,ΑΙΤΩΛ/ΝΙΑΣ,ΔΥΤΙΚΗΣ ΕΛΛΑΔΑΣ
ΑΙΤΩΛΙΚΟΥ,ΙΕΡΑΣ ΠΟΛΗΣ ΜΕΣΟΛΟΓΓΙΟΥ,ΑΙΤΩΛΟΑΚΑΡΝΑΝΙΑΣ,ΔΥΤΙΚΗΣ ΕΛΛΑΔΑΣ,ΑΙΤΩΛΙΚΟΥ,ΑΙΤΩΛ/ΝΙΑΣ,ΔΥΤΙΚΗΣ ΕΛΛΑΔΑΣ
ΙΕΡΑΣ ΠΟΛΗΣ ΜΕΣΟΛΟΓΓΙΟΥ,ΙΕΡΑΣ ΠΟΛΗΣ ΜΕΣΟΛΟΓΓΙΟΥ,ΑΙΤΩΛΟΑΚΑΡΝΑΝΙΑΣ,ΔΥΤΙΚΗΣ ΕΛΛΑΔΑΣ,ΙΕΡΑΣ ΠΟΛΗΣ ΜΕΣΟΛΟΓΓΙΟΥ,ΑΙΤΩΛ/ΝΙΑΣ,ΔΥΤΙΚΗΣ ΕΛΛΑΔΑΣ
ΟΙΝΙΑΔΩΝ,ΙΕΡΑΣ ΠΟΛΗΣ ΜΕΣΟΛΟΓΓΙΟΥ,ΑΙΤΩΛΟΑΚΑΡΝΑΝΙΑΣ,ΔΥΤΙΚΗΣ ΕΛΛΑΔΑΣ,ΟΙΝΙΑΔΩΝ,ΑΙΤΩΛ/ΝΙΑΣ,ΔΥΤΙΚΗΣ ΕΛΛΑΔΑΣ
ΑΝΤΙΡΡΙΟΥ,ΝΑΥΠΑΚΤΙΑΣ,ΑΙΤΩΛΟΑΚΑΡΝΑΝΙΑΣ,ΔΥΤΙΚΗΣ ΕΛΛΑΔΑΣ,ΑΝΤΙΡΡΙΟΥ,ΑΙΤΩΛ/ΝΙΑΣ,ΔΥΤΙΚΗΣ ΕΛΛΑΔΑΣ
ΑΠΟΔΟΤΙΑΣ,ΝΑΥΠΑΚΤΙΑΣ,ΑΙΤΩΛΟΑΚΑΡΝΑΝΙΑΣ,ΔΥΤΙΚΗΣ ΕΛΛΑΔΑΣ,ΑΠΟΔΟΤΙΑΣ,ΑΙΤΩΛ/ΝΙΑΣ,ΔΥΤΙΚΗΣ ΕΛΛΑΔΑΣ
ΝΑΥΠΑΚΤΟΥ,ΝΑΥΠΑΚΤΙΑΣ,ΑΙΤΩΛΟΑΚΑΡΝΑΝΙΑΣ,ΔΥΤΙΚΗΣ ΕΛΛΑΔΑΣ,ΝΑΥΠΑΚΤΟΥ,ΑΙΤΩΛ/ΝΙΑΣ,ΔΥΤΙΚΗΣ ΕΛΛΑΔΑΣ
ΠΛΑΤΑΝΟΥ,ΝΑΥΠΑΚΤΙΑΣ,ΑΙΤΩΛΟΑΚΑΡΝΑΝΙΑΣ,ΔΥΤΙΚΗΣ ΕΛΛΑΔΑΣ,ΠΛΑΤΑΝΟΥ,ΑΙΤΩΛ/ΝΙΑΣ,ΔΥΤΙΚΗΣ ΕΛΛΑΔΑΣ
ΠΥΛΛΗΝΗΣ,ΝΑΥΠΑΚΤΙΑΣ,ΑΙΤΩΛΟΑΚΑΡΝΑΝΙΑΣ,ΔΥΤΙΚΗΣ ΕΛΛΑΔΑΣ,ΠΥΛΛΗΝΗΣ,ΑΙΤΩΛ/ΝΙΑΣ,ΔΥΤΙΚΗΣ ΕΛΛΑΔΑΣ
ΧΑΛΚΕΙΑΣ,ΝΑΥΠΑΚΤΙΑΣ,ΑΙΤΩΛΟΑΚΑΡΝΑΝΙΑΣ,ΔΥΤΙΚΗΣ ΕΛΛΑΔΑΣ,ΧΑΛΚΕΙΑΣ,ΑΙΤΩΛ/ΝΙΑΣ,ΔΥΤΙΚΗΣ ΕΛΛΑΔΑΣ
ΑΛΥΖΙΑΣ,ΞΗΡΟΜΕΡΟΥ,ΑΙΤΩΛΟΑΚΑΡΝΑΝΙΑΣ,ΔΥΤΙΚΗΣ ΕΛΛΑΔΑΣ,ΑΛΥΖΙΑΣ,ΑΙΤΩΛ/ΝΙΑΣ,ΔΥΤΙΚΗΣ ΕΛΛΑΔΑΣ
ΑΣΤΑΚΟΥ,ΞΗΡΟΜΕΡΟΥ,ΑΙΤΩΛΟΑΚΑΡΝΑΝΙΑΣ,ΔΥΤΙΚΗΣ ΕΛΛΑΔΑΣ,ΑΣΤΑΚΟΥ,ΑΙΤΩΛ/ΝΙΑΣ,ΔΥΤΙΚΗΣ ΕΛΛΑΔΑΣ
ΦΥΤΕΙΩΝ,ΞΗΡΟΜΕΡΟΥ,ΑΙΤΩΛΟΑΚΑΡΝΑΝΙΑΣ,ΔΥΤΙΚΗΣ ΕΛΛΑΔΑΣ,ΦΥΤΕΙΩΝ,ΑΙΤΩΛ/ΝΙΑΣ,ΔΥΤΙΚΗΣ ΕΛΛΑΔΑΣ
ΑΙΓΕΙΡΑΣ,ΑΙΓΙΑΛΕΙΑΣ,ΑΧΑΪΑΣ,ΔΥΤΙΚΗΣ ΕΛΛΑΔΑΣ,ΑΙΓΕΙΡΑΣ,ΑΧΑΪΑΣ,ΔΥΤΙΚΗΣ ΕΛΛΑΔΑΣ
ΑΙΓΙΟΥ,ΑΙΓΙΑΛΕΙΑΣ,ΑΧΑΪΑΣ,ΔΥΤΙΚΗΣ ΕΛΛΑΔΑΣ,ΑΙΓΙΟΥ,ΑΧΑΪΑΣ,ΔΥΤΙΚΗΣ ΕΛΛΑΔΑΣ
ΑΚΡΑΤΑΣ,ΑΙΓΙΑΛΕΙΑΣ,ΑΧΑΪΑΣ,ΔΥΤΙΚΗΣ ΕΛΛΑΔΑΣ,ΑΚΡΑΤΑΣ,ΑΧΑΪΑΣ,ΔΥΤΙΚΗΣ ΕΛΛΑΔΑΣ
ΔΙΑΚΟΠΤΟΥ,ΑΙΓΙΑΛΕΙΑΣ,ΑΧΑΪΑΣ,ΔΥΤΙΚΗΣ ΕΛΛΑΔΑΣ,ΔΙΑΚΟΠΤΟΥ,ΑΧΑΪΑΣ,ΔΥΤΙΚΗΣ ΕΛΛΑΔΑΣ
ΕΡΙΝΕΟΥ,ΑΙΓΙΑΛΕΙΑΣ,ΑΧΑΪΑΣ,ΔΥΤΙΚΗΣ ΕΛΛΑΔΑΣ,ΕΡΙΝΕΟΥ,ΑΧΑΪΑΣ,ΔΥΤΙΚΗΣ ΕΛΛΑΔΑΣ
ΣΥΜΠΟΛΙΤΕΙΑΣ,ΑΙΓΙΑΛΕΙΑΣ,ΑΧΑΪΑΣ,ΔΥΤΙΚΗΣ ΕΛΛΑΔΑΣ,ΣΥΜΠΟΛΙΤΕΙΑΣ,ΑΧΑΪΑΣ,ΔΥΤΙΚΗΣ ΕΛΛΑΔΑΣ
ΔΥΜΗΣ,ΔΥΤΙΚΗΣ ΑΧΑΙΑΣ,ΑΧΑΪΑΣ,ΔΥΤΙΚΗΣ ΕΛΛΑΔΑΣ,ΔΥΜΗΣ,ΑΧΑΪΑΣ,ΔΥΤΙΚΗΣ ΕΛΛΑΔΑΣ
ΛΑΡΙΣΣΟΥ,ΔΥΤΙΚΗΣ ΑΧΑΙΑΣ,ΑΧΑΪΑΣ,ΔΥΤΙΚΗΣ ΕΛΛΑΔΑΣ,ΛΑΡΙΣΣΟΥ,ΑΧΑΪΑΣ,ΔΥΤΙΚΗΣ ΕΛΛΑΔΑΣ
ΜΟΒΡΗΣ,ΔΥΤΙΚΗΣ ΑΧΑΙΑΣ,ΑΧΑΪΑΣ,ΔΥΤΙΚΗΣ ΕΛΛΑΔΑΣ,ΜΟΒΡΗΣ,ΑΧΑΪΑΣ,ΔΥΤΙΚΗΣ ΕΛΛΑΔΑΣ
ΩΛΕΝΙΑΣ,ΔΥΤΙΚΗΣ ΑΧΑΙΑΣ,ΑΧΑΪΑΣ,ΔΥΤΙΚΗΣ ΕΛΛΑΔΑΣ,ΩΛΕΝΙΑΣ,ΑΧΑΪΑΣ,ΔΥΤΙΚΗΣ ΕΛΛΑΔΑΣ
ΚΑΛΕΝΤΖΙΟΥ,ΕΡΥΜΑΝΘΟΥ,ΑΧΑΪΑΣ,ΔΥΤΙΚΗΣ ΕΛΛΑΔΑΣ,ΚΑΛΕΝΤΖΙΟΥ,ΑΧΑΪΑΣ,ΔΥΤΙΚΗΣ ΕΛΛΑΔΑΣ
ΛΕΟΝΤΙΟΥ,ΕΡΥΜΑΝΘΟΥ,ΑΧΑΪΑΣ,ΔΥΤΙΚΗΣ ΕΛΛΑΔΑΣ,ΛΕΟΝΤΙΟΥ,ΑΧΑΪΑΣ,ΔΥΤΙΚΗΣ ΕΛΛΑΔΑΣ
ΤΡΙΤΑΙΑΣ,ΕΡΥΜΑΝΘΟΥ,ΑΧΑΪΑΣ,ΔΥΤΙΚΗΣ ΕΛΛΑΔΑΣ,ΤΡΙΤΑΙΑΣ,ΑΧΑΪΑΣ,ΔΥΤΙΚΗΣ ΕΛΛΑΔΑΣ
ΦΑΡΡΩΝ,ΕΡΥΜΑΝΘΟΥ,ΑΧΑΪΑΣ,ΔΥΤΙΚΗΣ ΕΛΛΑΔΑΣ,ΦΑΡΡΩΝ,ΑΧΑΪΑΣ,ΔΥΤΙΚΗΣ ΕΛΛΑΔΑΣ
ΑΡΟΑΝΙΑΣ,ΚΑΛΑΒΡΥΤΩΝ,ΑΧΑΪΑΣ,ΔΥΤΙΚΗΣ ΕΛΛΑΔΑΣ,ΑΡΟΑΝΙΑΣ,ΑΧΑΪΑΣ,ΔΥΤΙΚΗΣ ΕΛΛΑΔΑΣ
ΚΑΛΑΒΡΥΤΩΝ,ΚΑΛΑΒΡΥΤΩΝ,ΑΧΑΪΑΣ,ΔΥΤΙΚΗΣ ΕΛΛΑΔΑΣ,ΚΑΛΑΒΡΥΤΩΝ,ΑΧΑΪΑΣ,ΔΥΤΙΚΗΣ ΕΛΛΑΔΑΣ
ΚΛΕΙΤΟΡΙΑΣ,ΚΑΛΑΒΡΥΤΩΝ,ΑΧΑΪΑΣ,ΔΥΤΙΚΗΣ ΕΛΛΑΔΑΣ,ΚΛΕΙΤΟΡΙΑΣ,ΑΧΑΪΑΣ,ΔΥΤΙΚΗΣ ΕΛΛΑΔΑΣ
ΠΑΪΩΝ,ΚΑΛΑΒΡΥΤΩΝ,ΑΧΑΪΑΣ,ΔΥΤΙΚΗΣ ΕΛΛΑΔΑΣ,ΠΑΪΩΝ,ΑΧΑΪΑΣ,ΔΥΤΙΚΗΣ ΕΛΛΑΔΑΣ
ΒΡΑΧΝΑΙΙΚΩΝ,ΠΑΤΡΕΩΝ,ΑΧΑΪΑΣ,ΔΥΤΙΚΗΣ ΕΛΛΑΔΑΣ,ΒΡΑΧΝΑΙΙΚΩΝ,ΑΧΑΪΑΣ,ΔΥΤΙΚΗΣ ΕΛΛΑΔΑΣ
ΜΕΣΣΑΤΙΔΟΣ,ΠΑΤΡΕΩΝ,ΑΧΑΪΑΣ,ΔΥΤΙΚΗΣ ΕΛΛΑΔΑΣ,ΜΕΣΣΑΤΙΔΟΣ,ΑΧΑΪΑΣ,ΔΥΤΙΚΗΣ ΕΛΛΑΔΑΣ
ΠΑΡΑΛΙΑΣ,ΠΑΤΡΕΩΝ,ΑΧΑΪΑΣ,ΔΥΤΙΚΗΣ ΕΛΛΑΔΑΣ,ΠΑΡΑΛΙΑΣ,ΑΧΑΪΑΣ,ΔΥΤΙΚΗΣ ΕΛΛΑΔΑΣ
ΠΑΤΡΕΩΝ,ΠΑΤΡΕΩΝ,ΑΧΑΪΑΣ,ΔΥΤΙΚΗΣ ΕΛΛΑΔΑΣ,ΠΑΤΡΕΩΝ,ΑΧΑΪΑΣ,ΔΥΤΙΚΗΣ ΕΛΛΑΔΑΣ
ΡΙΟΥ,ΠΑΤΡΕΩΝ,ΑΧΑΪΑΣ,ΔΥΤΙΚΗΣ ΕΛΛΑΔΑΣ,ΡΙΟΥ,ΑΧΑΪΑΣ,ΔΥΤΙΚΗΣ ΕΛΛΑΔΑΣ
ΑΝΔΡΑΒΙΔΑΣ,ΑΝΔΡΑΒΙΔΑΣ-ΚΥΛΛΗΝΗΣ,ΗΛΕΙΑΣ,ΔΥΤΙΚΗΣ ΕΛΛΑΔΑΣ,ΑΝΔΡΑΒΙΔΑΣ,ΗΛΕΙΑΣ,ΔΥΤΙΚΗΣ ΕΛΛΑΔΑΣ
ΒΟΥΠΡΑΣΙΑΣ,ΑΝΔΡΑΒΙΔΑΣ-ΚΥΛΛΗΝΗΣ,ΗΛΕΙΑΣ,ΔΥΤΙΚΗΣ ΕΛΛΑΔΑΣ,ΒΟΥΠΡΑΣΙΑΣ,ΗΛΕΙΑΣ,ΔΥΤΙΚΗΣ ΕΛΛΑΔΑΣ
ΚΑΣΤΡΟΥ - ΚΥΛΛΗΝΗΣ,ΑΝΔΡΑΒΙΔΑΣ-ΚΥΛΛΗΝΗΣ,ΗΛΕΙΑΣ,ΔΥΤΙΚΗΣ ΕΛΛΑΔΑΣ,ΚΑΣΤΡΟΥ - ΚΥΛΛΗΝΗΣ,ΗΛΕΙΑΣ,ΔΥΤΙΚΗΣ ΕΛΛΑΔΑΣ
ΛΕΧΑΙΝΩΝ,ΑΝΔΡΑΒΙΔΑΣ-ΚΥΛΛΗΝΗΣ,ΗΛΕΙΑΣ,ΔΥΤΙΚΗΣ ΕΛΛΑΔΑΣ,ΛΕΧΑΙΝΩΝ,ΗΛΕΙΑΣ,ΔΥΤΙΚΗΣ ΕΛΛΑΔΑΣ
ΑΛΙΦΕΙΡΑΣ,ΑΝΔΡΙΤΣΑΙΝΑΣ-ΚΡΕΣΤΕΝΩΝ,ΗΛΕΙΑΣ,ΔΥΤΙΚΗΣ ΕΛΛΑΔΑΣ,ΑΛΙΦΕΙΡΑΣ,ΗΛΕΙΑΣ,ΔΥΤΙΚΗΣ ΕΛΛΑΔΑΣ
ΑΝΔΡΙΤΣΑΙΝΗΣ,ΑΝΔΡΙΤΣΑΙΝΑΣ-ΚΡΕΣΤΕΝΩΝ,ΗΛΕΙΑΣ,ΔΥΤΙΚΗΣ ΕΛΛΑΔΑΣ,ΑΝΔΡΙΤΣΑΙΝΗΣ,ΗΛΕΙΑΣ,ΔΥΤΙΚΗΣ ΕΛΛΑΔΑΣ
ΣΚΙΛΛΟΥΝΤΟΣ,ΑΝΔΡΙΤΣΑΙΝΑΣ-ΚΡΕΣΤΕΝΩΝ,ΗΛΕΙΑΣ,ΔΥΤΙΚΗΣ ΕΛΛΑΔΑΣ,ΣΚΙΛΛΟΥΝΤΟΣ,ΗΛΕΙΑΣ,ΔΥΤΙΚΗΣ ΕΛΛΑΔΑΣ
ΑΡΧΑΙΑΣ ΟΛΥΜΠΙΑΣ,ΑΡΧΑΙΑΣ ΟΛΥΜΠΙΑΣ,ΗΛΕΙΑΣ,ΔΥΤΙΚΗΣ ΕΛΛΑΔΑΣ,ΑΡΧΑΙΑΣ ΟΛΥΜΠΙΑΣ,ΗΛΕΙΑΣ,ΔΥΤΙΚΗΣ ΕΛΛΑΔΑΣ
ΛΑΜΠΕΙΑΣ,ΑΡΧΑΙΑΣ ΟΛΥΜΠΙΑΣ,ΗΛΕΙΑΣ,ΔΥΤΙΚΗΣ ΕΛΛΑΔΑΣ,ΛΑΜΠΕΙΑΣ,ΗΛΕΙΑΣ,ΔΥΤΙΚΗΣ ΕΛΛΑΔΑΣ
ΛΑΣΙΩΝΟΣ,ΑΡΧΑΙΑΣ ΟΛΥΜΠΙΑΣ,ΗΛΕΙΑΣ,ΔΥΤΙΚΗΣ ΕΛΛΑΔΑΣ,ΛΑΣΙΩΝΟΣ,ΗΛΕΙΑΣ,ΔΥΤΙΚΗΣ ΕΛΛΑΔΑΣ
ΦΟΛΟΗΣ,ΑΡΧΑΙΑΣ ΟΛΥΜΠΙΑΣ,ΗΛΕΙΑΣ,ΔΥΤΙΚΗΣ ΕΛΛΑΔΑΣ,ΦΟΛΟΗΣ,ΗΛΕΙΑΣ,ΔΥΤΙΚΗΣ ΕΛΛΑΔΑΣ
ΖΑΧΑΡΩΣ,ΖΑΧΑΡΩΣ,ΗΛΕΙΑΣ,ΔΥΤΙΚΗΣ ΕΛΛΑΔΑΣ,ΖΑΧΑΡΩΣ,ΗΛΕΙΑΣ,ΔΥΤΙΚΗΣ ΕΛΛΑΔΑΣ
ΦΙΓΑΛΕΙΑΣ,ΖΑΧΑΡΩΣ,ΗΛΕΙΑΣ,ΔΥΤΙΚΗΣ ΕΛΛΑΔΑΣ,ΦΙΓΑΛΕΙΑΣ,ΗΛΕΙΑΣ,ΔΥΤΙΚΗΣ ΕΛΛΑΔΑΣ
ΑΜΑΛΙΑΔΟΣ,ΗΛΙΔΑΣ,ΗΛΕΙΑΣ,ΔΥΤΙΚΗΣ ΕΛΛΑΔΑΣ,ΑΜΑΛΙΑΔΟΣ,ΗΛΕΙΑΣ,ΔΥΤΙΚΗΣ ΕΛΛΑΔΑΣ
ΠΗΝΕΙΑΣ,ΗΛΙΔΑΣ,ΗΛΕΙΑΣ,ΔΥΤΙΚΗΣ ΕΛΛΑΔΑΣ,ΠΗΝΕΙΑΣ,ΗΛΕΙΑΣ,ΔΥΤΙΚΗΣ ΕΛΛΑΔΑΣ
ΒΑΡΘΟΛΟΜΙΟΥ,ΠΗΝΕΙΟΥ,ΗΛΕΙΑΣ,ΔΥΤΙΚΗΣ ΕΛΛΑΔΑΣ,ΒΑΡΘΟΛΟΜΙΟΥ,ΗΛΕΙΑΣ,ΔΥΤΙΚΗΣ ΕΛΛΑΔΑΣ
ΓΑΣΤΟΥΝΗΣ,ΠΗΝΕΙΟΥ,ΗΛΕΙΑΣ,ΔΥΤΙΚΗΣ ΕΛΛΑΔΑΣ,ΓΑΣΤΟΥΝΗΣ,ΗΛΕΙΑΣ,ΔΥΤΙΚΗΣ ΕΛΛΑΔΑΣ
ΤΡΑΓΑΝΟΥ,ΠΗΝΕΙΟΥ,ΗΛΕΙΑΣ,ΔΥΤΙΚΗΣ ΕΛΛΑΔΑΣ,ΤΡΑΓΑΝΟΥ,ΗΛΕΙΑΣ,ΔΥΤΙΚΗΣ ΕΛΛΑΔΑΣ
ΒΩΛΑΚΟΣ,ΠΥΡΓΟΥ,ΗΛΕΙΑΣ,ΔΥΤΙΚΗΣ ΕΛΛΑΔΑΣ,ΒΩΛΑΚΟΣ,ΗΛΕΙΑΣ,ΔΥΤΙΚΗΣ ΕΛΛΑΔΑΣ
ΙΑΡΔΑΝΟΥ,ΠΥΡΓΟΥ,ΗΛΕΙΑΣ,ΔΥΤΙΚΗΣ ΕΛΛΑΔΑΣ,ΙΑΡΔΑΝΟΥ,ΗΛΕΙΑΣ,ΔΥΤΙΚΗΣ ΕΛΛΑΔΑΣ
ΠΥΡΓΟΥ,ΠΥΡΓΟΥ,ΗΛΕΙΑΣ,ΔΥΤΙΚΗΣ ΕΛΛΑΔΑΣ,ΠΥΡΓΟΥ,ΗΛΕΙΑΣ,ΔΥΤΙΚΗΣ ΕΛΛΑΔΑΣ
ΩΛΕΝΗΣ,ΠΥΡΓΟΥ,ΗΛΕΙΑΣ,ΔΥΤΙΚΗΣ ΕΛΛΑΔΑΣ,ΩΛΕΝΗΣ,ΗΛΕΙΑΣ,ΔΥΤΙΚΗΣ ΕΛΛΑΔΑΣ
ΑΛΙΑΡΤΟΥ,ΑΛΙΑΡΤΟΥ,ΒΟΙΩΤΙΑΣ,ΣΤΕΡΕΑΣ ΕΛΛΑΔΑΣ,ΑΛΙΑΡΤΟΥ,ΒΟΙΩΤΙΑΣ,ΣΤΕΡΕΑΣ ΕΛΛΑΔΑΣ
ΘΕΣΠΙΕΩΝ,ΑΛΙΑΡΤΟΥ,ΒΟΙΩΤΙΑΣ,ΣΤΕΡΕΑΣ ΕΛΛΑΔΑΣ,ΘΕΣΠΙΕΩΝ,ΒΟΙΩΤΙΑΣ,ΣΤΕΡΕΑΣ ΕΛΛΑΔΑΣ
ΑΝΤΙΚΥΡΑΣ,ΔΙΣΤΟΜΟΥ - ΑΡΑΧΟΒΑΣ - ΑΝΤΙΚΥΡΑΣ,ΒΟΙΩΤΙΑΣ,ΣΤΕΡΕΑΣ ΕΛΛΑΔΑΣ,ΑΝΤΙΚΥΡΑΣ,ΒΟΙΩΤΙΑΣ,ΣΤΕΡΕΑΣ ΕΛΛΑΔΑΣ
ΑΡΑΧΟΒΗΣ,ΔΙΣΤΟΜΟΥ - ΑΡΑΧΟΒΑΣ - ΑΝΤΙΚΥΡΑΣ,ΒΟΙΩΤΙΑΣ,ΣΤΕΡΕΑΣ ΕΛΛΑΔΑΣ,ΑΡΑΧΟΒΗΣ,ΒΟΙΩΤΙΑΣ,ΣΤΕΡΕΑΣ ΕΛΛΑΔΑΣ
ΔΙΣΤΟΜΟΥ,ΔΙΣΤΟΜΟΥ - ΑΡΑΧΟΒΑΣ - ΑΝΤΙΚΥΡΑΣ,ΒΟΙΩΤΙΑΣ,ΣΤΕΡΕΑΣ ΕΛΛΑΔΑΣ,ΔΙΣΤΟΜΟΥ,ΒΟΙΩΤΙΑΣ,ΣΤΕΡΕΑΣ ΕΛΛΑΔΑΣ
ΒΑΓΙΩΝ,ΘΗΒΑΙΩΝ,ΒΟΙΩΤΙΑΣ,ΣΤΕΡΕΑΣ ΕΛΛΑΔΑΣ,ΒΑΓΙΩΝ,ΒΟΙΩΤΙΑΣ,ΣΤΕΡΕΑΣ ΕΛΛΑΔΑΣ
ΘΗΒΑΙΩΝ,ΘΗΒΑΙΩΝ,ΒΟΙΩΤΙΑΣ,ΣΤΕΡΕΑΣ ΕΛΛΑΔΑΣ,ΘΗΒΑΙΩΝ,ΒΟΙΩΤΙΑΣ,ΣΤΕΡΕΑΣ ΕΛΛΑΔΑΣ
ΘΙΣΒΗΣ,ΘΗΒΑΙΩΝ,ΒΟΙΩΤΙΑΣ,ΣΤΕΡΕΑΣ ΕΛΛΑΔΑΣ,ΘΙΣΒΗΣ,ΒΟΙΩΤΙΑΣ,ΣΤΕΡΕΑΣ ΕΛΛΑΔΑΣ
ΠΛΑΤΑΙΩΝ,ΘΗΒΑΙΩΝ,ΒΟΙΩΤΙΑΣ,ΣΤΕΡΕΑΣ ΕΛΛΑΔΑΣ,ΠΛΑΤΑΙΩΝ,ΒΟΙΩΤΙΑΣ,ΣΤΕΡΕΑΣ ΕΛΛΑΔΑΣ
ΔΑΥΛΕΙΑΣ,ΛΕΒΑΔΕΩΝ,ΒΟΙΩΤΙΑΣ,ΣΤΕΡΕΑΣ ΕΛΛΑΔΑΣ,ΔΑΥΛΕΙΑΣ,ΒΟΙΩΤΙΑΣ,ΣΤΕΡΕΑΣ ΕΛΛΑΔΑΣ
ΚΟΡΩΝΕΙΑΣ,ΛΕΒΑΔΕΩΝ,ΒΟΙΩΤΙΑΣ,ΣΤΕΡΕΑΣ ΕΛΛΑΔΑΣ,ΚΟΡΩΝΕΙΑΣ,ΒΟΙΩΤΙΑΣ,ΣΤΕΡΕΑΣ ΕΛΛΑΔΑΣ
ΚΥΡΙΑΚΙΟΥ,ΛΕΒΑΔΕΩΝ,ΒΟΙΩΤΙΑΣ,ΣΤΕΡΕΑΣ ΕΛΛΑΔΑΣ,ΚΥΡΙΑΚΙΟΥ,ΒΟΙΩΤΙΑΣ,ΣΤΕΡΕΑΣ ΕΛΛΑΔΑΣ
ΛΕΒΑΔΕΩΝ,ΛΕΒΑΔΕΩΝ,ΒΟΙΩΤΙΑΣ,ΣΤΕΡΕΑΣ ΕΛΛΑΔΑΣ,ΛΕΒΑΔΕΩΝ,ΒΟΙΩΤΙΑΣ,ΣΤΕΡΕΑΣ ΕΛΛΑΔΑΣ
ΧΑΙΡΩΝΕΙΑΣ,ΛΕΒΑΔΕΩΝ,ΒΟΙΩΤΙΑΣ,ΣΤΕΡΕΑΣ ΕΛΛΑΔΑΣ,ΧΑΙΡΩΝΕΙΑΣ,ΒΟΙΩΤΙΑΣ,ΣΤΕΡΕΑΣ ΕΛΛΑΔΑΣ
ΑΚΡΑΙΦΝΙΑΣ,ΟΡΧΟΜΕΝΟΥ,ΒΟΙΩΤΙΑΣ,ΣΤΕΡΕΑΣ ΕΛΛΑΔΑΣ,ΑΚΡΑΙΦΝΙΑΣ,ΒΟΙΩΤΙΑΣ,ΣΤΕΡΕΑΣ ΕΛΛΑΔΑΣ
ΟΡΧΟΜΕΝΟΥ,ΟΡΧΟΜΕΝΟΥ,ΒΟΙΩΤΙΑΣ,ΣΤΕΡΕΑΣ ΕΛΛΑΔΑΣ,ΟΡΧΟΜΕΝΟΥ,ΒΟΙΩΤΙΑΣ,ΣΤΕΡΕΑΣ ΕΛΛΑΔΑΣ
ΔΕΡΒΕΝΟΧΩΡΙΩΝ,ΤΑΝΑΓΡΑΣ,ΒΟΙΩΤΙΑΣ,ΣΤΕΡΕΑΣ ΕΛΛΑΔΑΣ,ΔΕΡΒΕΝΟΧΩΡΙΩΝ,ΒΟΙΩΤΙΑΣ,ΣΤΕΡΕΑΣ ΕΛΛΑΔΑΣ
ΟΙΝΟΦΥΤΩΝ,ΤΑΝΑΓΡΑΣ,ΒΟΙΩΤΙΑΣ,ΣΤΕΡΕΑΣ ΕΛΛΑΔΑΣ,ΟΙΝΟΦΥΤΩΝ,ΒΟΙΩΤΙΑΣ,ΣΤΕΡΕΑΣ ΕΛΛΑΔΑΣ
ΣΧΗΜΑΤΑΡΙΟΥ,ΤΑΝΑΓΡΑΣ,ΒΟΙΩΤΙΑΣ,ΣΤΕΡΕΑΣ ΕΛΛΑΔΑΣ,ΣΧΗΜΑΤΑΡΙΟΥ,ΒΟΙΩΤΙΑΣ,ΣΤΕΡΕΑΣ ΕΛΛΑΔΑΣ
ΤΑΝΑΓΡΑΣ,ΤΑΝΑΓΡΑΣ,ΒΟΙΩΤΙΑΣ,ΣΤΕΡΕΑΣ ΕΛΛΑΔΑΣ,ΤΑΝΑΓΡΑΣ,ΒΟΙΩΤΙΑΣ,ΣΤΕΡΕΑΣ ΕΛΛΑΔΑΣ
ΔΙΡΦΥΩΝ,ΔΙΡΦΥΩΝ-ΜΕΣΣΑΠΙΩΝ,ΕΥΒΟΙΑΣ,ΣΤΕΡΕΑΣ ΕΛΛΑΔΑΣ,ΔΙΡΦΥΩΝ,ΕΥΒΟΙΑΣ,ΣΤΕΡΕΑΣ ΕΛΛΑΔΑΣ
ΜΕΣΣΑΠΙΩΝ,ΔΙΡΦΥΩΝ-ΜΕΣΣΑΠΙΩΝ,ΕΥΒΟΙΑΣ,ΣΤΕΡΕΑΣ ΕΛΛΑΔΑΣ,ΜΕΣΣΑΠΙΩΝ,ΕΥΒΟΙΑΣ,ΣΤΕΡΕΑΣ ΕΛΛΑΔΑΣ
ΑΜΑΡΥΝΘΙΩΝ,ΕΡΕΤΡΙΑΣ,ΕΥΒΟΙΑΣ,ΣΤΕΡΕΑΣ ΕΛΛΑΔΑΣ,ΑΜΑΡΥΝΘΙΩΝ,ΕΥΒΟΙΑΣ,ΣΤΕΡΕΑΣ ΕΛΛΑΔΑΣ
ΕΡΕΤΡΙΑΣ,ΕΡΕΤΡΙΑΣ,ΕΥΒΟΙΑΣ,ΣΤΕΡΕΑΣ ΕΛΛΑΔΑΣ,ΕΡΕΤΡΙΑΣ,ΕΥΒΟΙΑΣ,ΣΤΕΡΕΑΣ ΕΛΛΑΔΑΣ
ΑΙΔΗΨΟΥ,ΙΣΤΙΑΙΑΣ-ΑΙΔΗΨΟΥ,ΕΥΒΟΙΑΣ,ΣΤΕΡΕΑΣ ΕΛΛΑΔΑΣ,ΑΙΔΗΨΟΥ,ΕΥΒΟΙΑΣ,ΣΤΕΡΕΑΣ ΕΛΛΑΔΑΣ
ΑΡΤΕΜΙΣΙΟΥ,ΙΣΤΙΑΙΑΣ-ΑΙΔΗΨΟΥ,ΕΥΒΟΙΑΣ,ΣΤΕΡΕΑΣ ΕΛΛΑΔΑΣ,ΑΡΤΕΜΙΣΙΟΥ,ΕΥΒΟΙΑΣ,ΣΤΕΡΕΑΣ ΕΛΛΑΔΑΣ
ΙΣΤΙΑΙΑΣ,ΙΣΤΙΑΙΑΣ-ΑΙΔΗΨΟΥ,ΕΥΒΟΙΑΣ,ΣΤΕΡΕΑΣ ΕΛΛΑΔΑΣ,ΙΣΤΙΑΙΑΣ,ΕΥΒΟΙΑΣ,ΣΤΕΡΕΑΣ ΕΛΛΑΔΑΣ
ΛΙΧΑΔΟΣ,ΙΣΤΙΑΙΑΣ-ΑΙΔΗΨΟΥ,ΕΥΒΟΙΑΣ,ΣΤΕΡΕΑΣ ΕΛΛΑΔΑΣ,ΛΙΧΑΔΟΣ,ΕΥΒΟΙΑΣ,ΣΤΕΡΕΑΣ ΕΛΛΑΔΑΣ
ΩΡΕΩΝ,ΙΣΤΙΑΙΑΣ-ΑΙΔΗΨΟΥ,ΕΥΒΟΙΑΣ,ΣΤΕΡΕΑΣ ΕΛΛΑΔΑΣ,ΩΡΕΩΝ,ΕΥΒΟΙΑΣ,ΣΤΕΡΕΑΣ ΕΛΛΑΔΑΣ
ΚΑΡΥΣΤΟΥ,ΚΑΡΥΣΤΟΥ,ΕΥΒΟΙΑΣ,ΣΤΕΡΕΑΣ ΕΛΛΑΔΑΣ,ΚΑΡΥΣΤΟΥ,ΕΥΒΟΙΑΣ,ΣΤΕΡΕΑΣ ΕΛΛΑΔΑΣ
ΚΑΦΗΡΕΩΣ,ΚΑΡΥΣΤΟΥ,ΕΥΒΟΙΑΣ,ΣΤΕΡΕΑΣ ΕΛΛΑΔΑΣ,ΚΑΦΗΡΕΩΣ,ΕΥΒΟΙΑΣ,ΣΤΕΡΕΑΣ ΕΛΛΑΔΑΣ
ΜΑΡΜΑΡΙΟΥ,ΚΑΡΥΣΤΟΥ,ΕΥΒΟΙΑΣ,ΣΤΕΡΕΑΣ ΕΛΛΑΔΑΣ,ΜΑΡΜΑΡΙΟΥ,ΕΥΒΟΙΑΣ,ΣΤΕΡΕΑΣ ΕΛΛΑΔΑΣ
ΣΤΥΡΕΩΝ,ΚΑΡΥΣΤΟΥ,ΕΥΒΟΙΑΣ,ΣΤΕΡΕΑΣ ΕΛΛΑΔΑΣ,ΣΤΥΡΕΩΝ,ΕΥΒΟΙΑΣ,ΣΤΕΡΕΑΣ ΕΛΛΑΔΑΣ
ΑΥΛΩΝΟΣ,ΚΥΜΗΣ-ΑΛΙΒΕΡΙΟΥ,ΕΥΒΟΙΑΣ,ΣΤΕΡΕΑΣ ΕΛΛΑΔΑΣ,ΑΥΛΩΝΟΣ,ΕΥΒΟΙΑΣ,ΣΤΕΡΕΑΣ ΕΛΛΑΔΑΣ
ΔΥΣΤΙΩΝ,ΚΥΜΗΣ-ΑΛΙΒΕΡΙΟΥ,ΕΥΒΟΙΑΣ,ΣΤΕΡΕΑΣ ΕΛΛΑΔΑΣ,ΔΥΣΤΙΩΝ,ΕΥΒΟΙΑΣ,ΣΤΕΡΕΑΣ ΕΛΛΑΔΑΣ
ΚΟΝΙΣΤΡΩΝ,ΚΥΜΗΣ-ΑΛΙΒΕΡΙΟΥ,ΕΥΒΟΙΑΣ,ΣΤΕΡΕΑΣ ΕΛΛΑΔΑΣ,ΚΟΝΙΣΤΡΩΝ,ΕΥΒΟΙΑΣ,ΣΤΕΡΕΑΣ ΕΛΛΑΔΑΣ
ΚΥΜΗΣ,ΚΥΜΗΣ-ΑΛΙΒΕΡΙΟΥ,ΕΥΒΟΙΑΣ,ΣΤΕΡΕΑΣ ΕΛΛΑΔΑΣ,ΚΥΜΗΣ,ΕΥΒΟΙΑΣ,ΣΤΕΡΕΑΣ ΕΛΛΑΔΑΣ
ΤΑΜΥΝΕΩΝ,ΚΥΜΗΣ-ΑΛΙΒΕΡΙΟΥ,ΕΥΒΟΙΑΣ,ΣΤΕΡΕΑΣ ΕΛΛΑΔΑΣ,ΤΑΜΥΝΕΩΝ,ΕΥΒΟΙΑΣ,ΣΤΕΡΕΑΣ ΕΛΛΑΔΑΣ
ΕΛΥΜΝΙΩΝ,ΜΑΝΤΟΥΔΙΟΥ-ΛΙΜΝΗΣ-ΑΓΙΑΣ ΑΝΝΑΣ,ΕΥΒΟΙΑΣ,ΣΤΕΡΕΑΣ ΕΛΛΑΔΑΣ,ΕΛΥΜΝΙΩΝ,ΕΥΒΟΙΑΣ,ΣΤΕΡΕΑΣ ΕΛΛΑΔΑΣ
ΚΗΡΕΩΣ,ΜΑΝΤΟΥΔΙΟΥ-ΛΙΜΝΗΣ-ΑΓΙΑΣ ΑΝΝΑΣ,ΕΥΒΟΙΑΣ,ΣΤΕΡΕΑΣ ΕΛΛΑΔΑΣ,ΚΗΡΕΩΣ,ΕΥΒΟΙΑΣ,ΣΤΕΡΕΑΣ ΕΛΛΑΔΑΣ
ΝΗΛΕΩΣ,ΜΑΝΤΟΥΔΙΟΥ-ΛΙΜΝΗΣ-ΑΓΙΑΣ ΑΝΝΑΣ,ΕΥΒΟΙΑΣ,ΣΤΕΡΕΑΣ ΕΛΛΑΔΑΣ,ΝΗΛΕΩΣ,ΕΥΒΟΙΑΣ,ΣΤΕΡΕΑΣ ΕΛΛΑΔΑΣ
ΣΚΥΡΟΥ,ΣΚΥΡΟΥ,ΕΥΒΟΙΑΣ,ΣΤΕΡΕΑΣ ΕΛΛΑΔΑΣ,ΣΚΥΡΟΥ,ΕΥΒΟΙΑΣ,ΣΤΕΡΕΑΣ ΕΛΛΑΔΑΣ
ΑΝΘΗΔΩΝΟΣ,ΧΑΛΚΙΔΕΩΝ,ΕΥΒΟΙΑΣ,ΣΤΕΡΕΑΣ ΕΛΛΑΔΑΣ,ΑΝΘΗΔΩΝΟΣ,ΕΥΒΟΙΑΣ,ΣΤΕΡΕΑΣ ΕΛΛΑΔΑΣ
ΑΥΛΙΔΟΣ,ΧΑΛΚΙΔΕΩΝ,ΕΥΒΟΙΑΣ,ΣΤΕΡΕΑΣ ΕΛΛΑΔΑΣ,ΑΥΛΙΔΟΣ,ΕΥΒΟΙΑΣ,ΣΤΕΡΕΑΣ ΕΛΛΑΔΑΣ
ΛΗΛΑΝΤΙΩΝ,ΧΑΛΚΙΔΕΩΝ,ΕΥΒΟΙΑΣ,ΣΤΕΡΕΑΣ ΕΛΛΑΔΑΣ,ΛΗΛΑΝΤΙΩΝ,ΕΥΒΟΙΑΣ,ΣΤΕΡΕΑΣ ΕΛΛΑΔΑΣ
ΝΕΑΣ ΑΡΤΑΚΗΣ,ΧΑΛΚΙΔΕΩΝ,ΕΥΒΟΙΑΣ,ΣΤΕΡΕΑΣ ΕΛΛΑΔΑΣ,ΝΕΑΣ ΑΡΤΑΚΗΣ,ΕΥΒΟΙΑΣ,ΣΤΕΡΕΑΣ ΕΛΛΑΔΑΣ
ΧΑΛΚΙΔΕΩΝ,ΧΑΛΚΙΔΕΩΝ,ΕΥΒΟΙΑΣ,ΣΤΕΡΕΑΣ ΕΛΛΑΔΑΣ,ΧΑΛΚΙΔΕΩΝ,ΕΥΒΟΙΑΣ,ΣΤΕΡΕΑΣ ΕΛΛΑΔΑΣ
ΑΓΡΑΦΩΝ,ΑΓΡΑΦΩΝ,ΕΥΡΥΤΑΝΙΑΣ,ΣΤΕΡΕΑΣ ΕΛΛΑΔΑΣ,ΑΓΡΑΦΩΝ,ΕΥΡΥΤΑΝΙΑΣ,ΣΤΕΡΕΑΣ ΕΛΛΑΔΑΣ
ΑΠΕΡΑΝΤΙΩΝ,ΑΓΡΑΦΩΝ,ΕΥΡΥΤΑΝΙΑΣ,ΣΤΕΡΕΑΣ ΕΛΛΑΔΑΣ,ΑΠΕΡΑΝΤΙΩΝ,ΕΥΡΥΤΑΝΙΑΣ,ΣΤΕΡΕΑΣ ΕΛΛΑΔΑΣ
ΑΣΠΡΟΠΟΤΑΜΟΥ,ΑΓΡΑΦΩΝ,ΕΥΡΥΤΑΝΙΑΣ,ΣΤΕΡΕΑΣ ΕΛΛΑΔΑΣ,ΑΣΠΡΟΠΟΤΑΜΟΥ,ΕΥΡΥΤΑΝΙΑΣ,ΣΤΕΡΕΑΣ ΕΛΛΑΔΑΣ
ΒΙΝΙΑΝΗΣ,ΑΓΡΑΦΩΝ,ΕΥΡΥΤΑΝΙΑΣ,ΣΤΕΡΕΑΣ ΕΛΛΑΔΑΣ,ΒΙΝΙΑΝΗΣ,ΕΥΡΥΤΑΝΙΑΣ,ΣΤΕΡΕΑΣ ΕΛΛΑΔΑΣ
ΦΡΑΓΚΙΣΤΑΣ,ΑΓΡΑΦΩΝ,ΕΥΡΥΤΑΝΙΑΣ,ΣΤΕΡΕΑΣ ΕΛΛΑΔΑΣ,ΦΡΑΓΚΙΣΤΑΣ,ΕΥΡΥΤΑΝΙΑΣ,ΣΤΕΡΕΑΣ ΕΛΛΑΔΑΣ
ΔΟΜΝΙΣΤΑΣ,ΚΑΡΠΕΝΗΣΙΟΥ,ΕΥΡΥΤΑΝΙΑΣ,ΣΤΕΡΕΑΣ ΕΛΛΑΔΑΣ,ΔΟΜΝΙΣΤΑΣ,ΕΥΡΥΤΑΝΙΑΣ,ΣΤΕΡΕΑΣ ΕΛΛΑΔΑΣ
ΚΑΡΠΕΝΗΣΙΟΥ,ΚΑΡΠΕΝΗΣΙΟΥ,ΕΥΡΥΤΑΝΙΑΣ,ΣΤΕΡΕΑΣ ΕΛΛΑΔΑΣ,ΚΑΡΠΕΝΗΣΙΟΥ,ΕΥΡΥΤΑΝΙΑΣ,ΣΤΕΡΕΑΣ ΕΛΛΑΔΑΣ
ΚΤΗΜΕΝΙΩΝ,ΚΑΡΠΕΝΗΣΙΟΥ,ΕΥΡΥΤΑΝΙΑΣ,ΣΤΕΡΕΑΣ ΕΛΛΑΔΑΣ,ΚΤΗΜΕΝΙΩΝ,ΕΥΡΥΤΑΝΙΑΣ,ΣΤΕΡΕΑΣ ΕΛΛΑΔΑΣ
ΠΟΤΑΜΙΑΣ,ΚΑΡΠΕΝΗΣΙΟΥ,ΕΥΡΥΤΑΝΙΑΣ,ΣΤΕΡΕΑΣ ΕΛΛΑΔΑΣ,ΠΟΤΑΜΙΑΣ,ΕΥΡΥΤΑΝΙΑΣ,ΣΤΕΡΕΑΣ ΕΛΛΑΔΑΣ
ΠΡΟΥΣΣΟΥ,ΚΑΡΠΕΝΗΣΙΟΥ,ΕΥΡΥΤΑΝΙΑΣ,ΣΤΕΡΕΑΣ ΕΛΛΑΔΑΣ,ΠΡΟΥΣΣΟΥ,ΕΥΡΥΤΑΝΙΑΣ,ΣΤΕΡΕΑΣ ΕΛΛΑΔΑΣ
ΦΟΥΡΝΑ,ΚΑΡΠΕΝΗΣΙΟΥ,ΕΥΡΥΤΑΝΙΑΣ,ΣΤΕΡΕΑΣ ΕΛΛΑΔΑΣ,ΦΟΥΡΝΑ,ΕΥΡΥΤΑΝΙΑΣ,ΣΤΕΡΕΑΣ ΕΛΛΑΔΑΣ
ΑΜΦΙΚΛΕΙΑΣ,ΑΜΦΙΚΛΕΙΑΣ - ΕΛΑΤΕΙΑΣ,ΦΘΙΩΤΙΔΑΣ,ΣΤΕΡΕΑΣ ΕΛΛΑΔΑΣ,ΑΜΦΙΚΛΕΙΑΣ,ΦΘΙΩΤΙΔΟΣ,ΣΤΕΡΕΑΣ ΕΛΛΑΔΑΣ
ΕΛΑΤΕΙΑΣ,ΑΜΦΙΚΛΕΙΑΣ - ΕΛΑΤΕΙΑΣ,ΦΘΙΩΤΙΔΑΣ,ΣΤΕΡΕΑΣ ΕΛΛΑΔΑΣ,ΕΛΑΤΕΙΑΣ,ΦΘΙΩΤΙΔΟΣ,ΣΤΕΡΕΑΣ ΕΛΛΑΔΑΣ
ΤΙΘΟΡΕΑΣ,ΑΜΦΙΚΛΕΙΑΣ - ΕΛΑΤΕΙΑΣ,ΦΘΙΩΤΙΔΑΣ,ΣΤΕΡΕΑΣ ΕΛΛΑΔΑΣ,ΤΙΘΟΡΕΑΣ,ΦΘΙΩΤΙΔΟΣ,ΣΤΕΡΕΑΣ ΕΛΛΑΔΑΣ
ΔΟΜΟΚΟΥ,ΔΟΜΟΚΟΥ,ΦΘΙΩΤΙΔΑΣ,ΣΤΕΡΕΑΣ ΕΛΛΑΔΑΣ,ΔΟΜΟΚΟΥ,ΦΘΙΩΤΙΔΟΣ,ΣΤΕΡΕΑΣ ΕΛΛΑΔΑΣ
ΘΕΣΣΑΛΙΩΤΙΔΟΣ,ΔΟΜΟΚΟΥ,ΦΘΙΩΤΙΔΑΣ,ΣΤΕΡΕΑΣ ΕΛΛΑΔΑΣ,ΘΕΣΣΑΛΙΩΤΙΔΟΣ,ΦΘΙΩΤΙΔΟΣ,ΣΤΕΡΕΑΣ ΕΛΛΑΔΑΣ
ΞΥΝΙΑΔΟΣ,ΔΟΜΟΚΟΥ,ΦΘΙΩΤΙΔΑΣ,ΣΤΕΡΕΑΣ ΕΛΛΑΔΑΣ,ΞΥΝΙΑΔΟΣ,ΦΘΙΩΤΙΔΟΣ,ΣΤΕΡΕΑΣ ΕΛΛΑΔΑΣ
ΓΟΡΓΟΠΟΤΑΜΟΥ,ΛΑΜΙΕΩΝ,ΦΘΙΩΤΙΔΑΣ,ΣΤΕΡΕΑΣ ΕΛΛΑΔΑΣ,ΓΟΡΓΟΠΟΤΑΜΟΥ,ΦΘΙΩΤΙΔΟΣ,ΣΤΕΡΕΑΣ ΕΛΛΑΔΑΣ
ΛΑΜΙΕΩΝ,ΛΑΜΙΕΩΝ,ΦΘΙΩΤΙΔΑΣ,ΣΤΕΡΕΑΣ ΕΛΛΑΔΑΣ,ΛΑΜΙΕΩΝ,ΦΘΙΩΤΙΔΟΣ,ΣΤΕΡΕΑΣ ΕΛΛΑΔΑΣ
ΛΕΙΑΝΟΚΛΑΔΙΟΥ,ΛΑΜΙΕΩΝ,ΦΘΙΩΤΙΔΑΣ,ΣΤΕΡΕΑΣ ΕΛΛΑΔΑΣ,ΛΕΙΑΝΟΚΛΑΔΙΟΥ,ΦΘΙΩΤΙΔΟΣ,ΣΤΕΡΕΑΣ ΕΛΛΑΔΑΣ
ΠΑΥΛΙΑΝΗΣ,ΛΑΜΙΕΩΝ,ΦΘΙΩΤΙΔΑΣ,ΣΤΕΡΕΑΣ ΕΛΛΑΔΑΣ,ΠΑΥΛΙΑΝΗΣ,ΦΘΙΩΤΙΔΟΣ,ΣΤΕΡΕΑΣ ΕΛΛΑΔΑΣ
ΥΠΑΤΗΣ,ΛΑΜΙΕΩΝ,ΦΘΙΩΤΙΔΑΣ,ΣΤΕΡΕΑΣ ΕΛΛΑΔΑΣ,ΥΠΑΤΗΣ,ΦΘΙΩΤΙΔΟΣ,ΣΤΕΡΕΑΣ ΕΛΛΑΔΑΣ
ΑΤΑΛΑΝΤΗΣ,ΛΟΚΡΩΝ,ΦΘΙΩΤΙΔΑΣ,ΣΤΕΡΕΑΣ ΕΛΛΑΔΑΣ,ΑΤΑΛΑΝΤΗΣ,ΦΘΙΩΤΙΔΟΣ,ΣΤΕΡΕΑΣ ΕΛΛΑΔΑΣ
ΔΑΦΝΟΥΣΙΩΝ,ΛΟΚΡΩΝ,ΦΘΙΩΤΙΔΑΣ,ΣΤΕΡΕΑΣ ΕΛΛΑΔΑΣ,ΔΑΦΝΟΥΣΙΩΝ,ΦΘΙΩΤΙΔΟΣ,ΣΤΕΡΕΑΣ ΕΛΛΑΔΑΣ
ΜΑΛΕΣΙΝΗΣ,ΛΟΚΡΩΝ,ΦΘΙΩΤΙΔΑΣ,ΣΤΕΡΕΑΣ ΕΛΛΑΔΑΣ,ΜΑΛΕΣΙΝΗΣ,ΦΘΙΩΤΙΔΟΣ,ΣΤΕΡΕΑΣ ΕΛΛΑΔΑΣ
ΟΠΟΥΝΤΙΩΝ,ΛΟΚΡΩΝ,ΦΘΙΩΤΙΔΑΣ,ΣΤΕΡΕΑΣ ΕΛΛΑΔΑΣ,ΟΠΟΥΝΤΙΩΝ,ΦΘΙΩΤΙΔΟΣ,ΣΤΕΡΕΑΣ ΕΛΛΑΔΑΣ
ΑΓΙΟΥ ΓΕΩΡΓΙΟΥ ΤΥΜΦΡΗΣΤΟΥ,ΜΑΚΡΑΚΩΜΗΣ,ΦΘΙΩΤΙΔΑΣ,ΣΤΕΡΕΑΣ ΕΛΛΑΔΑΣ,ΑΓΙΟΥ ΓΕΩΡΓΙΟΥ ΤΥΜΦΡΗΣΤΟΥ,ΦΘΙΩΤΙΔΟΣ,ΣΤΕΡΕΑΣ ΕΛΛΑΔΑΣ
ΜΑΚΡΑΚΩΜΗΣ,ΜΑΚΡΑΚΩΜΗΣ,ΦΘΙΩΤΙΔΑΣ,ΣΤΕΡΕΑΣ ΕΛΛΑΔΑΣ,ΜΑΚΡΑΚΩΜΗΣ,ΦΘΙΩΤΙΔΟΣ,ΣΤΕΡΕΑΣ ΕΛΛΑΔΑΣ
ΣΠΕΡΧΕΙΑΔΟΣ,ΜΑΚΡΑΚΩΜΗΣ,ΦΘΙΩΤΙΔΑΣ,ΣΤΕΡΕΑΣ ΕΛΛΑΔΑΣ,ΣΠΕΡΧΕΙΑΔΟΣ,ΦΘΙΩΤΙΔΟΣ,ΣΤΕΡΕΑΣ ΕΛΛΑΔΑΣ
ΤΥΜΦΡΗΣΤΟΥ,ΜΑΚΡΑΚΩΜΗΣ,ΦΘΙΩΤΙΔΑΣ,ΣΤΕΡΕΑΣ ΕΛΛΑΔΑΣ,ΤΥΜΦΡΗΣΤΟΥ,ΦΘΙΩΤΙΔΟΣ,ΣΤΕΡΕΑΣ ΕΛΛΑΔΑΣ
ΑΓΙΟΥ ΚΩΝΣΤΑΝΤΙΝΟΥ,ΜΩΛΟΥ - ΑΓΙΟΥ ΚΩΝΣΤΑΝΤΙΝΟΥ,ΦΘΙΩΤΙΔΑΣ,ΣΤΕΡΕΑΣ ΕΛΛΑΔΑΣ,ΑΓΙΟΥ ΚΩΝΣΤΑΝΤΙΝΟΥ,ΦΘΙΩΤΙΔΟΣ,ΣΤΕΡΕΑΣ ΕΛΛΑΔΑΣ
ΚΑΜΕΝΩΝ ΒΟΥΡΛΩΝ,ΜΩΛΟΥ - ΑΓΙΟΥ ΚΩΝΣΤΑΝΤΙΝΟΥ,ΦΘΙΩΤΙΔΑΣ,ΣΤΕΡΕΑΣ ΕΛΛΑΔΑΣ,ΚΑΜΕΝΩΝ ΒΟΥΡΛΩΝ,ΦΘΙΩΤΙΔΟΣ,ΣΤΕΡΕΑΣ ΕΛΛΑΔΑΣ
ΜΩΛΟΥ,ΜΩΛΟΥ - ΑΓΙΟΥ ΚΩΝΣΤΑΝΤΙΝΟΥ,ΦΘΙΩΤΙΔΑΣ,ΣΤΕΡΕΑΣ ΕΛΛΑΔΑΣ,ΜΩΛΟΥ,ΦΘΙΩΤΙΔΟΣ,ΣΤΕΡΕΑΣ ΕΛΛΑΔΑΣ
ΕΧΙΝΑΙΩΝ,ΣΤΥΛΙΔΟΣ,ΦΘΙΩΤΙΔΑΣ,ΣΤΕΡΕΑΣ ΕΛΛΑΔΑΣ,ΕΧΙΝΑΙΩΝ,ΦΘΙΩΤΙΔΟΣ,ΣΤΕΡΕΑΣ ΕΛΛΑΔΑΣ
ΠΕΛΑΣΓΙΑΣ,ΣΤΥΛΙΔΟΣ,ΦΘΙΩΤΙΔΑΣ,ΣΤΕΡΕΑΣ ΕΛΛΑΔΑΣ,ΠΕΛΑΣΓΙΑΣ,ΦΘΙΩΤΙΔΟΣ,ΣΤΕΡΕΑΣ ΕΛΛΑΔΑΣ
ΣΤΥΛΙΔΟΣ,ΣΤΥΛΙΔΟΣ,ΦΘΙΩΤΙΔΑΣ,ΣΤΕΡΕΑΣ ΕΛΛΑΔΑΣ,ΣΤΥΛΙΔΟΣ,ΦΘΙΩΤΙΔΟΣ,ΣΤΕΡΕΑΣ ΕΛΛΑΔΑΣ
ΑΜΦΙΣΣΗΣ,ΔΕΛΦΩΝ,ΦΩΚΙΔΑΣ,ΣΤΕΡΕΑΣ ΕΛΛΑΔΑΣ,ΑΜΦΙΣΣΗΣ,ΦΩΚΙΔΟΣ,ΣΤΕΡΕΑΣ ΕΛΛΑΔΑΣ
ΓΑΛΑΞΙΔΙΟΥ,ΔΕΛΦΩΝ,ΦΩΚΙΔΑΣ,ΣΤΕΡΕΑΣ ΕΛΛΑΔΑΣ,ΓΑΛΑΞΙΔΙΟΥ,ΦΩΚΙΔΟΣ,ΣΤΕΡΕΑΣ ΕΛΛΑΔΑΣ
ΓΡΑΒΙΑΣ,ΔΕΛΦΩΝ,ΦΩΚΙΔΑΣ,ΣΤΕΡΕΑΣ ΕΛΛΑΔΑΣ,ΓΡΑΒΙΑΣ,ΦΩΚΙΔΟΣ,ΣΤΕΡΕΑΣ ΕΛΛΑΔΑΣ
ΔΕΛΦΩΝ,ΔΕΛΦΩΝ,ΦΩΚΙΔΑΣ,ΣΤΕΡΕΑΣ ΕΛΛΑΔΑΣ,ΔΕΛΦΩΝ,ΦΩΚΙΔΟΣ,ΣΤΕΡΕΑΣ ΕΛΛΑΔΑΣ
ΔΕΣΦΙΝΑΣ,ΔΕΛΦΩΝ,ΦΩΚΙΔΑΣ,ΣΤΕΡΕΑΣ ΕΛΛΑΔΑΣ,ΔΕΣΦΙΝΑΣ,ΦΩΚΙΔΟΣ,ΣΤΕΡΕΑΣ ΕΛΛΑΔΑΣ
ΙΤΕΑΣ,ΔΕΛΦΩΝ,ΦΩΚΙΔΑΣ,ΣΤΕΡΕΑΣ ΕΛΛΑΔΑΣ,ΙΤΕΑΣ,ΦΩΚΙΔΟΣ,ΣΤΕΡΕΑΣ ΕΛΛΑΔΑΣ
ΚΑΛΛΙΕΩΝ,ΔΕΛΦΩΝ,ΦΩΚΙΔΑΣ,ΣΤΕΡΕΑΣ ΕΛΛΑΔΑΣ,ΚΑΛΛΙΕΩΝ,ΦΩΚΙΔΟΣ,ΣΤΕΡΕΑΣ ΕΛΛΑΔΑΣ
ΠΑΡΝΑΣΣΟΥ,ΔΕΛΦΩΝ,ΦΩΚΙΔΑΣ,ΣΤΕΡΕΑΣ ΕΛΛΑΔΑΣ,ΠΑΡΝΑΣΣΟΥ,ΦΩΚΙΔΟΣ,ΣΤΕΡΕΑΣ ΕΛΛΑΔΑΣ
ΒΑΡΔΟΥΣΙΩΝ,ΔΩΡΙΔΟΣ,ΦΩΚΙΔΑΣ,ΣΤΕΡΕΑΣ ΕΛΛΑΔΑΣ,ΒΑΡΔΟΥΣΙΩΝ,ΦΩΚΙΔΟΣ,ΣΤΕΡΕΑΣ ΕΛΛΑΔΑΣ
ΕΥΠΑΛΙΟΥ,ΔΩΡΙΔΟΣ,ΦΩΚΙΔΑΣ,ΣΤΕΡΕΑΣ ΕΛΛΑΔΑΣ,ΕΥΠΑΛΙΟΥ,ΦΩΚΙΔΟΣ,ΣΤΕΡΕΑΣ ΕΛΛΑΔΑΣ
ΛΙΔΩΡΙΚΙΟΥ,ΔΩΡΙΔΟΣ,ΦΩΚΙΔΑΣ,ΣΤΕΡΕΑΣ ΕΛΛΑΔΑΣ,ΛΙΔΩΡΙΚΙΟΥ,ΦΩΚΙΔΟΣ,ΣΤΕΡΕΑΣ ΕΛΛΑΔΑΣ
ΤΟΛΟΦΩΝΟΣ,ΔΩΡΙΔΟΣ,ΦΩΚΙΔΑΣ,ΣΤΕΡΕΑΣ ΕΛΛΑΔΑΣ,ΤΟΛΟΦΩΝΟΣ,ΦΩΚΙΔΟΣ,ΣΤΕΡΕΑΣ ΕΛΛΑΔΑΣ
ΑΓΙΑΣ ΠΑΡΑΣΚΕΥΗΣ,ΑΓΙΑΣ ΠΑΡΑΣΚΕΥΗΣ,ΒΟΡΕΙΟΥ ΤΟΜΕΑ ΑΘΗΝΩΝ,ΑΤΤΙΚΗΣ,ΑΓΙΑΣ ΠΑΡΑΣΚΕΥΗΣ,ΑΘΗΝΩΝ,ΑΤΤΙΚΗΣ
ΑΜΑΡΟΥΣΙΟΥ,ΑΜΑΡΟΥΣΙΟΥ,ΒΟΡΕΙΟΥ ΤΟΜΕΑ ΑΘΗΝΩΝ,ΑΤΤΙΚΗΣ,ΑΜΑΡΟΥΣΙΟΥ,ΑΘΗΝΩΝ,ΑΤΤΙΚΗΣ
ΒΡΙΛΗΣΣΙΩΝ,ΒΡΙΛΗΣΣΙΩΝ,ΒΟΡΕΙΟΥ ΤΟΜΕΑ ΑΘΗΝΩΝ,ΑΤΤΙΚΗΣ,ΒΡΙΛΗΣΣΙΩΝ,ΑΘΗΝΩΝ,ΑΤΤΙΚΗΣ
ΗΡΑΚΛΕΙΟΥ,ΗΡΑΚΛΕΙΟΥ,ΒΟΡΕΙΟΥ ΤΟΜΕΑ ΑΘΗΝΩΝ,ΑΤΤΙΚΗΣ,ΗΡΑΚΛΕΙΟΥ,ΑΘΗΝΩΝ,ΑΤΤΙΚΗΣ
ΕΚΑΛΗΣ,ΚΗΦΙΣΙΑΣ,ΒΟΡΕΙΟΥ ΤΟΜΕΑ ΑΘΗΝΩΝ,ΑΤΤΙΚΗΣ,ΕΚΑΛΗΣ,ΑΘΗΝΩΝ,ΑΤΤΙΚΗΣ
ΚΗΦΙΣΙΑΣ,ΚΗΦΙΣΙΑΣ,ΒΟΡΕΙΟΥ ΤΟΜΕΑ ΑΘΗΝΩΝ,ΑΤΤΙΚΗΣ,ΚΗΦΙΣΙΑΣ,ΑΘΗΝΩΝ,ΑΤΤΙΚΗΣ
ΝΕΑΣ ΕΡΥΘΡΑΙΑΣ,ΚΗΦΙΣΙΑΣ,ΒΟΡΕΙΟΥ ΤΟΜΕΑ ΑΘΗΝΩΝ,ΑΤΤΙΚΗΣ,ΝΕΑΣ ΕΡΥΘΡΑΙΑΣ,ΑΘΗΝΩΝ,ΑΤΤΙΚΗΣ
ΛΥΚΟΒΡΥΣΕΩΣ,ΛΥΚΟΒΡΥΣΗΣ - ΠΕΥΚΗΣ,ΒΟΡΕΙΟΥ ΤΟΜΕΑ ΑΘΗΝΩΝ,ΑΤΤΙΚΗΣ,ΛΥΚΟΒΡΥΣΕΩΣ,ΑΘΗΝΩΝ,ΑΤΤΙΚΗΣ
ΠΕΥΚΗΣ,ΛΥΚΟΒΡΥΣΗΣ - ΠΕΥΚΗΣ,ΒΟΡΕΙΟΥ ΤΟΜΕΑ ΑΘΗΝΩΝ,ΑΤΤΙΚΗΣ,ΠΕΥΚΗΣ,ΑΘΗΝΩΝ,ΑΤΤΙΚΗΣ
ΜΕΤΑΜΟΡΦΩΣΕΩΣ,ΜΕΤΑΜΟΡΦΩΣΕΩΣ,ΒΟΡΕΙΟΥ ΤΟΜΕΑ ΑΘΗΝΩΝ,ΑΤΤΙΚΗΣ,ΜΕΤΑΜΟΡΦΩΣΕΩΣ,ΑΘΗΝΩΝ,ΑΤΤΙΚΗΣ
ΝΕΑΣ ΙΩΝΙΑΣ,ΝΕΑΣ ΙΩΝΙΑΣ,ΒΟΡΕΙΟΥ ΤΟΜΕΑ ΑΘΗΝΩΝ,ΑΤΤΙΚΗΣ,ΝΕΑΣ ΙΩΝΙΑΣ,ΑΘΗΝΩΝ,ΑΤΤΙΚΗΣ
ΠΑΠΑΓΟΥ,ΠΑΠΑΓΟΥ - ΧΟΛΑΡΓΟΥ,ΒΟΡΕΙΟΥ ΤΟΜΕΑ ΑΘΗΝΩΝ,ΑΤΤΙΚΗΣ,ΠΑΠΑΓΟΥ,ΑΘΗΝΩΝ,ΑΤΤΙΚΗΣ
ΧΟΛΑΡΓΟΥ,ΠΑΠΑΓΟΥ - ΧΟΛΑΡΓΟΥ,ΒΟΡΕΙΟΥ ΤΟΜΕΑ ΑΘΗΝΩΝ,ΑΤΤΙΚΗΣ,ΧΟΛΑΡΓΟΥ,ΑΘΗΝΩΝ,ΑΤΤΙΚΗΣ
ΜΕΛΙΣΣΙΩΝ,ΠΕΝΤΕΛΗΣ,ΒΟΡΕΙΟΥ ΤΟΜΕΑ ΑΘΗΝΩΝ,ΑΤΤΙΚΗΣ,ΜΕΛΙΣΣΙΩΝ,ΑΘΗΝΩΝ,ΑΤΤΙΚΗΣ
ΝΕΑΣ ΠΕΝΤΕΛΗΣ,ΠΕΝΤΕΛΗΣ,ΒΟΡΕΙΟΥ ΤΟΜΕΑ ΑΘΗΝΩΝ,ΑΤΤΙΚΗΣ,ΝΕΑΣ ΠΕΝΤΕΛΗΣ,ΑΘΗΝΩΝ,ΑΤΤΙΚΗΣ
ΠΕΝΤΕΛΗΣ,ΠΕΝΤΕΛΗΣ,ΒΟΡΕΙΟΥ ΤΟΜΕΑ ΑΘΗΝΩΝ,ΑΤΤΙΚΗΣ,ΠΕΝΤΕΛΗΣ,ΑΘΗΝΩΝ,ΑΤΤΙΚΗΣ
ΝΕΟΥ ΨΥΧΙΚΟΥ,ΦΙΛΟΘΕΗΣ - ΨΥΧΙΚΟΥ,ΒΟΡΕΙΟΥ ΤΟΜΕΑ ΑΘΗΝΩΝ,ΑΤΤΙΚΗΣ,ΝΕΟΥ ΨΥΧΙΚΟΥ,ΑΘΗΝΩΝ,ΑΤΤΙΚΗΣ
ΦΙΛΟΘΕΗΣ,ΦΙΛΟΘΕΗΣ - ΨΥΧΙΚΟΥ,ΒΟΡΕΙΟΥ ΤΟΜΕΑ ΑΘΗΝΩΝ,ΑΤΤΙΚΗΣ,ΦΙΛΟΘΕΗΣ,ΑΘΗΝΩΝ,ΑΤΤΙΚΗΣ
ΨΥΧΙΚΟΥ,ΦΙΛΟΘΕΗΣ - ΨΥΧΙΚΟΥ,ΒΟΡΕΙΟΥ ΤΟΜΕΑ ΑΘΗΝΩΝ,ΑΤΤΙΚΗΣ,ΨΥΧΙΚΟΥ,ΑΘΗΝΩΝ,ΑΤΤΙΚΗΣ
ΧΑΛΑΝΔΡΙΟΥ,ΧΑΛΑΝΔΡΙΟΥ,ΒΟΡΕΙΟΥ ΤΟΜΕΑ ΑΘΗΝΩΝ,ΑΤΤΙΚΗΣ,ΧΑΛΑΝΔΡΙΟΥ,ΑΘΗΝΩΝ,ΑΤΤΙΚΗΣ
ΑΓΙΑΣ ΒΑΡΒΑΡΑΣ,ΑΓΙΑΣ ΒΑΡΒΑΡΑΣ,ΔΥΤΙΚΟΥ ΤΟΜΕΑ ΑΘΗΝΩΝ,ΑΤΤΙΚΗΣ,ΑΓΙΑΣ ΒΑΡΒΑΡΑΣ,ΑΘΗΝΩΝ,ΑΤΤΙΚΗΣ
ΑΓΙΩΝ ΑΝΑΡΓΥΡΩΝ,ΑΓΙΩΝ ΑΝΑΡΓΥΡΩΝ - ΚΑΜΑΤΕΡΟΥ,ΔΥΤΙΚΟΥ ΤΟΜΕΑ ΑΘΗΝΩΝ,ΑΤΤΙΚΗΣ,ΑΓΙΩΝ ΑΝΑΡΓΥΡΩΝ,ΑΘΗΝΩΝ,ΑΤΤΙΚΗΣ
ΚΑΜΑΤΕΡΟΥ,ΑΓΙΩΝ ΑΝΑΡΓΥΡΩΝ - ΚΑΜΑΤΕΡΟΥ,ΔΥΤΙΚΟΥ ΤΟΜΕΑ ΑΘΗΝΩΝ,ΑΤΤΙΚΗΣ,ΚΑΜΑΤΕΡΟΥ,ΑΘΗΝΩΝ,ΑΤΤΙΚΗΣ
ΑΙΓΑΛΕΩ,ΑΙΓΑΛΕΩ,ΔΥΤΙΚΟΥ ΤΟΜΕΑ ΑΘΗΝΩΝ,ΑΤΤΙΚΗΣ,ΑΙΓΑΛΕΩ,ΑΘΗΝΩΝ,ΑΤΤΙΚΗΣ
ΙΛΙΟΥ (ΝΕΩΝ ΛΙΟΣΙΩΝ),ΙΛΙΟΥ (ΝΕΩΝ ΛΙΟΣΙΩΝ),ΔΥΤΙΚΟΥ ΤΟΜΕΑ ΑΘΗΝΩΝ,ΑΤΤΙΚΗΣ,ΙΛΙΟΥ (ΝΕΩΝ ΛΙΟΣΙΩΝ),ΑΘΗΝΩΝ,ΑΤΤΙΚΗΣ
ΠΕΡΙΣΤΕΡΙΟΥ,ΠΕΡΙΣΤΕΡΙΟΥ,ΔΥΤΙΚΟΥ ΤΟΜΕΑ ΑΘΗΝΩΝ,ΑΤΤΙΚΗΣ,ΠΕΡΙΣΤΕΡΙΟΥ,ΑΘΗΝΩΝ,ΑΤΤΙΚΗΣ
ΠΕΤΡΟΥΠΟΛΗΣ,ΠΕΤΡΟΥΠΟΛΕΩΣ,ΔΥΤΙΚΟΥ ΤΟΜΕΑ ΑΘΗΝΩΝ,ΑΤΤΙΚΗΣ,ΠΕΤΡΟΥΠΟΛΕΩΣ,ΑΘΗΝΩΝ,ΑΤΤΙΚΗΣ
ΧΑΪΔΑΡΙΟΥ,ΧΑΪΔΑΡΙΟΥ,ΔΥΤΙΚΟΥ ΤΟΜΕΑ ΑΘΗΝΩΝ,ΑΤΤΙΚΗΣ,ΧΑΪΔΑΡΙΟΥ,ΑΘΗΝΩΝ,ΑΤΤΙΚΗΣ
ΑΘΗΝΑΙΩΝ,ΑΘΗΝΑΙΩΝ,ΚΕΝΤΡΙΚΟΥ ΤΟΜΕΑ ΑΘΗΝΩΝ,ΑΤΤΙΚΗΣ,ΑΘΗΝΑΙΩΝ,ΑΘΗΝΩΝ,ΑΤΤΙΚΗΣ
ΒΥΡΩΝΟΣ,ΒΥΡΩΝΟΣ,ΚΕΝΤΡΙΚΟΥ ΤΟΜΕΑ ΑΘΗΝΩΝ,ΑΤΤΙΚΗΣ,ΒΥΡΩΝΟΣ,ΑΘΗΝΩΝ,ΑΤΤΙΚΗΣ
ΓΑΛΑΤΣΙΟΥ,ΓΑΛΑΤΣΙΟΥ,ΚΕΝΤΡΙΚΟΥ ΤΟΜΕΑ ΑΘΗΝΩΝ,ΑΤΤΙΚΗΣ,ΓΑΛΑΤΣΙΟΥ,ΑΘΗΝΩΝ,ΑΤΤΙΚΗΣ
ΔΑΦΝΗΣ,ΔΑΦΝΗΣ - ΥΜΗΤΤΟΥ,ΚΕΝΤΡΙΚΟΥ ΤΟΜΕΑ ΑΘΗΝΩΝ,ΑΤΤΙΚΗΣ,ΔΑΦΝΗΣ,ΑΘΗΝΩΝ,ΑΤΤΙΚΗΣ
ΥΜΗΤΤΟΥ,ΔΑΦΝΗΣ - ΥΜΗΤΤΟΥ,ΚΕΝΤΡΙΚΟΥ ΤΟΜΕΑ ΑΘΗΝΩΝ,ΑΤΤΙΚΗΣ,ΥΜΗΤΤΟΥ,ΑΘΗΝΩΝ,ΑΤΤΙΚΗΣ
ΖΩΓΡΑΦΟΥ,ΖΩΓΡΑΦΟΥ,ΚΕΝΤΡΙΚΟΥ ΤΟΜΕΑ ΑΘΗΝΩΝ,ΑΤΤΙΚΗΣ,ΖΩΓΡΑΦΟΥ,ΑΘΗΝΩΝ,ΑΤΤΙΚΗΣ
ΗΛΙΟΥΠΟΛΗΣ,ΗΛΙΟΥΠΟΛΕΩΣ,ΚΕΝΤΡΙΚΟΥ ΤΟΜΕΑ ΑΘΗΝΩΝ,ΑΤΤΙΚΗΣ,ΗΛΙΟΥΠΟΛΕΩΣ,ΑΘΗΝΩΝ,ΑΤΤΙΚΗΣ
ΚΑΙΣΑΡΙΑΝΗΣ,ΚΑΙΣΑΡΙΑΝΗΣ,ΚΕΝΤΡΙΚΟΥ ΤΟΜΕΑ ΑΘΗΝΩΝ,ΑΤΤΙΚΗΣ,ΚΑΙΣΑΡΙΑΝΗΣ,ΑΘΗΝΩΝ,ΑΤΤΙΚΗΣ
ΝΕΑΣ ΦΙΛΑΔΕΛΦΕΙΑΣ,ΦΙΛΑΔΕΛΦΕΙΑΣ - ΧΑΛΚΗΔΟΝΟΣ,ΚΕΝΤΡΙΚΟΥ ΤΟΜΕΑ ΑΘΗΝΩΝ,ΑΤΤΙΚΗΣ,ΝΕΑΣ ΦΙΛΑΔΕΛΦΕΙΑΣ,ΑΘΗΝΩΝ,ΑΤΤΙΚΗΣ
ΝΕΑΣ ΧΑΛΚΗΔΟΝΟΣ,ΦΙΛΑΔΕΛΦΕΙΑΣ - ΧΑΛΚΗΔΟΝΟΣ,ΚΕΝΤΡΙΚΟΥ ΤΟΜΕΑ ΑΘΗΝΩΝ,ΑΤΤΙΚΗΣ,ΝΕΑΣ ΧΑΛΚΗΔΟΝΟΣ,ΑΘΗΝΩΝ,ΑΤΤΙΚΗΣ
ΑΓΙΟΥ ΔΗΜΗΤΡΙΟΥ,ΑΓΙΟΥ ΔΗΜΗΤΡΙΟΥ,ΝΟΤΙΟΥ ΤΟΜΕΑ ΑΘΗΝΩΝ,ΑΤΤΙΚΗΣ,ΑΓΙΟΥ ΔΗΜΗΤΡΙΟΥ,ΑΘΗΝΩΝ,ΑΤΤΙΚΗΣ
ΑΛΙΜΟΥ,ΑΛΙΜΟΥ,ΝΟΤΙΟΥ ΤΟΜΕΑ ΑΘΗΝΩΝ,ΑΤΤΙΚΗΣ,ΑΛΙΜΟΥ,ΑΘΗΝΩΝ,ΑΤΤΙΚΗΣ
ΓΛΥΦΑΔΑΣ,ΓΛΥΦΑΔΑΣ,ΝΟΤΙΟΥ ΤΟΜΕΑ ΑΘΗΝΩΝ,ΑΤΤΙΚΗΣ,ΓΛΥΦΑΔΑΣ,ΑΘΗΝΩΝ,ΑΤΤΙΚΗΣ
ΑΡΓΥΡΟΥΠΟΛΗΣ,ΕΛΛΗΝΙΚΟΥ - ΑΡΓΥΡΟΥΠΟΛΗΣ,ΝΟΤΙΟΥ ΤΟΜΕΑ ΑΘΗΝΩΝ,ΑΤΤΙΚΗΣ,ΑΡΓΥΡΟΥΠΟΛΕΩΣ,ΑΘΗΝΩΝ,ΑΤΤΙΚΗΣ
ΕΛΛΗΝΙΚΟΥ,ΕΛΛΗΝΙΚΟΥ - ΑΡΓΥΡΟΥΠΟΛΗΣ,ΝΟΤΙΟΥ ΤΟΜΕΑ ΑΘΗΝΩΝ,ΑΤΤΙΚΗΣ,ΕΛΛΗΝΙΚΟΥ,ΑΘΗΝΩΝ,ΑΤΤΙΚΗΣ
ΚΑΛΛΙΘΕΑΣ,ΚΑΛΛΙΘΕΑΣ,ΝΟΤΙΟΥ ΤΟΜΕΑ ΑΘΗΝΩΝ,ΑΤΤΙΚΗΣ,ΚΑΛΛΙΘΕΑΣ,ΑΘΗΝΩΝ,ΑΤΤΙΚΗΣ
ΜΟΣΧΑΤΟΥ,ΜΟΣΧΑΤΟΥ - ΤΑΥΡΟΥ,ΝΟΤΙΟΥ ΤΟΜΕΑ ΑΘΗΝΩΝ,ΑΤΤΙΚΗΣ,ΜΟΣΧΑΤΟΥ,ΑΘΗΝΩΝ,ΑΤΤΙΚΗΣ
ΤΑΥΡΟΥ,ΜΟΣΧΑΤΟΥ - ΤΑΥΡΟΥ,ΝΟΤΙΟΥ ΤΟΜΕΑ ΑΘΗΝΩΝ,ΑΤΤΙΚΗΣ,ΤΑΥΡΟΥ,ΑΘΗΝΩΝ,ΑΤΤΙΚΗΣ
ΝΕΑΣ ΣΜΥΡΝΗΣ,ΝΕΑΣ ΣΜΥΡΝΗΣ,ΝΟΤΙΟΥ ΤΟΜΕΑ ΑΘΗΝΩΝ,ΑΤΤΙΚΗΣ,ΝΕΑΣ ΣΜΥΡΝΗΣ,ΑΘΗΝΩΝ,ΑΤΤΙΚΗΣ
ΠΑΛΑΙΟΥ ΦΑΛΗΡΟΥ,ΠΑΛΑΙΟΥ ΦΑΛΗΡΟΥ,ΝΟΤΙΟΥ ΤΟΜΕΑ ΑΘΗΝΩΝ,ΑΤΤΙΚΗΣ,ΠΑΛΑΙΟΥ ΦΑΛΗΡΟΥ,ΑΘΗΝΩΝ,ΑΤΤΙΚΗΣ
ΔΡΑΠΕΤΣΩΝΑΣ,ΚΕΡΑΤΣΙΝΙΟΥ - ΔΡΑΠΕΤΣΩΝΑΣ,ΠΕΙΡΑΙΩΣ,ΑΤΤΙΚΗΣ,ΔΡΑΠΕΤΣΩΝΑΣ,ΠΕΙΡΑΙΩΣ,ΑΤΤΙΚΗΣ
ΚΕΡΑΤΣΙΝΙΟΥ,ΚΕΡΑΤΣΙΝΙΟΥ - ΔΡΑΠΕΤΣΩΝΑΣ,ΠΕΙΡΑΙΩΣ,ΑΤΤΙΚΗΣ,ΚΕΡΑΤΣΙΝΙΟΥ,ΠΕΙΡΑΙΩΣ,ΑΤΤΙΚΗΣ
ΚΟΡΥΔΑΛΛΟΥ,ΚΟΡΥΔΑΛΛΟΥ,ΠΕΙΡΑΙΩΣ,ΑΤΤΙΚΗΣ,ΚΟΡΥΔΑΛΛΟΥ,ΠΕΙΡΑΙΩΣ,ΑΤΤΙΚΗΣ
ΑΓΙΟΥ ΙΩΑΝΝΟΥ ΡΕΝΤΗ,ΝΙΚΑΙΑΣ - ΑΓΙΟΥ Ι. ΡΕΝΤΗ,ΠΕΙΡΑΙΩΣ,ΑΤΤΙΚΗΣ,ΑΓΙΟΥ ΙΩΑΝΝΟΥ ΡΕΝΤΗ,ΠΕΙΡΑΙΩΣ,ΑΤΤΙΚΗΣ
ΝΙΚΑΙΑΣ,ΝΙΚΑΙΑΣ - ΑΓΙΟΥ Ι. ΡΕΝΤΗ,ΠΕΙΡΑΙΩΣ,ΑΤΤΙΚΗΣ,ΝΙΚΑΙΑΣ,ΠΕΙΡΑΙΩΣ,ΑΤΤΙΚΗΣ
ΠΕΙΡΑΙΩΣ,ΠΕΙΡΑΙΩΣ,ΠΕΙΡΑΙΩΣ,ΑΤΤΙΚΗΣ,ΠΕΙΡΑΙΩΣ,ΠΕΙΡΑΙΩΣ,ΑΤΤΙΚΗΣ
ΠΕΡΑΜΑΤΟΣ,ΠΕΡΑΜΑΤΟΣ,ΠΕΙΡΑΙΩΣ,ΑΤΤΙΚΗΣ,ΠΕΡΑΜΑΤΟΣ,ΠΕΙΡΑΙΩΣ,ΑΤΤΙΚΗΣ
ΑΓΚΙΣΤΡΙΟΥ,ΑΓΚΙΣΤΡΙΟΥ,ΝΗΣΩΝ,ΑΤΤΙΚΗΣ,ΑΓΚΙΣΤΡΙΟΥ,ΠΕΙΡΑΙΩΣ,ΑΤΤΙΚΗΣ
ΑΙΓΙΝΑΣ,ΑΙΓΙΝΑΣ,ΝΗΣΩΝ,ΑΤΤΙΚΗΣ,ΑΙΓΙΝΑΣ,ΠΕΙΡΑΙΩΣ,ΑΤΤΙΚΗΣ
ΑΝΤΙΚΥΘΗΡΩΝ,ΚΥΘΗΡΩΝ,ΝΗΣΩΝ,ΑΤΤΙΚΗΣ,ΑΝΤΙΚΥΘΗΡΩΝ,ΠΕΙΡΑΙΩΣ,ΑΤΤΙΚΗΣ
ΚΥΘΗΡΩΝ,ΚΥΘΗΡΩΝ,ΝΗΣΩΝ,ΑΤΤΙΚΗΣ,ΚΥΘΗΡΩΝ,ΠΕΙΡΑΙΩΣ,ΑΤΤΙΚΗΣ
ΠΟΡΟΥ,ΠΟΡΟΥ,ΝΗΣΩΝ,ΑΤΤΙΚΗΣ,ΠΟΡΟΥ,ΠΕΙΡΑΙΩΣ,ΑΤΤΙΚΗΣ
ΑΜΠΕΛΑΚΙΩΝ,ΣΑΛΑΜΙΝΟΣ,ΝΗΣΩΝ,ΑΤΤΙΚΗΣ,ΑΜΠΕΛΑΚΙΩΝ,ΠΕΙΡΑΙΩΣ,ΑΤΤΙΚΗΣ
ΣΑΛΑΜΙΝΑΣ,ΣΑΛΑΜΙΝΟΣ,ΝΗΣΩΝ,ΑΤΤΙΚΗΣ,ΣΑΛΑΜΙΝΑΣ,ΠΕΙΡΑΙΩΣ,ΑΤΤΙΚΗΣ
ΣΠΕΤΣΩΝ,ΣΠΕΤΣΩΝ,ΝΗΣΩΝ,ΑΤΤΙΚΗΣ,ΣΠΕΤΣΩΝ,ΠΕΙΡΑΙΩΣ,ΑΤΤΙΚΗΣ
ΜΕΘΑΝΩΝ,ΤΡΟΙΖΗΝΙΑΣ,ΝΗΣΩΝ,ΑΤΤΙΚΗΣ,ΜΕΘΑΝΩΝ,ΠΕΙΡΑΙΩΣ,ΑΤΤΙΚΗΣ
ΤΡΟΙΖΗΝΟΣ,ΤΡΟΙΖΗΝΙΑΣ,ΝΗΣΩΝ,ΑΤΤΙΚΗΣ,ΤΡΟΙΖΗΝΟΣ,ΠΕΙΡΑΙΩΣ,ΑΤΤΙΚΗΣ
ΥΔΡΑΣ,ΥΔΡΑΣ,ΝΗΣΩΝ,ΑΤΤΙΚΗΣ,ΥΔΡΑΣ,ΠΕΙΡΑΙΩΣ,ΑΤΤΙΚΗΣ
ΑΧΑΡΝΩΝ,ΑΧΑΡΝΩΝ,ΑΝΑΤΟΛΙΚΗΣ ΑΤΤΙΚΗΣ,ΑΤΤΙΚΗΣ,ΑΧΑΡΝΩΝ,ΑΝΑΤ. ΑΤΤΙΚΗΣ,ΑΤΤΙΚΗΣ
ΘΡΑΚΟΜΑΚΕΔΟΝΩΝ,ΑΧΑΡΝΩΝ,ΑΝΑΤΟΛΙΚΗΣ ΑΤΤΙΚΗΣ,ΑΤΤΙΚΗΣ,ΘΡΑΚΟΜΑΚΕΔΟΝΩΝ,ΑΝΑΤ. ΑΤΤΙΚΗΣ,ΑΤΤΙΚΗΣ
ΒΑΡΗΣ,ΒΑΡΗΣ - ΒΟΥΛΑΣ - ΒΟΥΛΙΑΓΜΕΝΗΣ,ΑΝΑΤΟΛΙΚΗΣ ΑΤΤΙΚΗΣ,ΑΤΤΙΚΗΣ,ΒΑΡΗΣ,ΑΝΑΤ. ΑΤΤΙΚΗΣ,ΑΤΤΙΚΗΣ
ΒΟΥΛΑΣ,ΒΑΡΗΣ - ΒΟΥΛΑΣ - ΒΟΥΛΙΑΓΜΕΝΗΣ,ΑΝΑΤΟΛΙΚΗΣ ΑΤΤΙΚΗΣ,ΑΤΤΙΚΗΣ,ΒΟΥΛΑΣ,ΑΝΑΤ. ΑΤΤΙΚΗΣ,ΑΤΤΙΚΗΣ
ΒΟΥΛΙΑΓΜΕΝΗΣ,ΒΑΡΗΣ - ΒΟΥΛΑΣ - ΒΟΥΛΙΑΓΜΕΝΗΣ,ΑΝΑΤΟΛΙΚΗΣ ΑΤΤΙΚΗΣ,ΑΤΤΙΚΗΣ,ΒΟΥΛΙΑΓΜΕΝΗΣ,ΑΝΑΤ. ΑΤΤΙΚΗΣ,ΑΤΤΙΚΗΣ
ΑΓΙΟΥ ΣΤΕΦΑΝΟΥ,ΔΙΟΝΥΣΟΥ,ΑΝΑΤΟΛΙΚΗΣ ΑΤΤΙΚΗΣ,ΑΤΤΙΚΗΣ,ΑΓΙΟΥ ΣΤΕΦΑΝΟΥ,ΑΝΑΤ. ΑΤΤΙΚΗΣ,ΑΤΤΙΚΗΣ
ΑΝΟΙΞΕΩΣ,ΔΙΟΝΥΣΟΥ,ΑΝΑΤΟΛΙΚΗΣ ΑΤΤΙΚΗΣ,ΑΤΤΙΚΗΣ,ΑΝΟΙΞΕΩΣ,ΑΝΑΤ. ΑΤΤΙΚΗΣ,ΑΤΤΙΚΗΣ
ΔΙΟΝΥΣΟΥ,ΔΙΟΝΥΣΟΥ,ΑΝΑΤΟΛΙΚΗΣ ΑΤΤΙΚΗΣ,ΑΤΤΙΚΗΣ,ΔΙΟΝΥΣΟΥ,ΑΝΑΤ. ΑΤΤΙΚΗΣ,ΑΤΤΙΚΗΣ
ΔΡΟΣΙΑΣ,ΔΙΟΝΥΣΟΥ,ΑΝΑΤΟΛΙΚΗΣ ΑΤΤΙΚΗΣ,ΑΤΤΙΚΗΣ,ΔΡΟΣΙΑΣ,ΑΝΑΤ. ΑΤΤΙΚΗΣ,ΑΤΤΙΚΗΣ
ΚΡΥΟΝΕΡΙΟΥ,ΔΙΟΝΥΣΟΥ,ΑΝΑΤΟΛΙΚΗΣ ΑΤΤΙΚΗΣ,ΑΤΤΙΚΗΣ,ΚΡΥΟΝΕΡΙΟΥ,ΑΝΑΤ. ΑΤΤΙΚΗΣ,ΑΤΤΙΚΗΣ
ΡΟΔΟΠΟΛΕΩΣ,ΔΙΟΝΥΣΟΥ,ΑΝΑΤΟΛΙΚΗΣ ΑΤΤΙΚΗΣ,ΑΤΤΙΚΗΣ,ΡΟΔΟΠΟΛΕΩΣ,ΑΝΑΤ. ΑΤΤΙΚΗΣ,ΑΤΤΙΚΗΣ
ΣΤΑΜΑΤΑΣ,ΔΙΟΝΥΣΟΥ,ΑΝΑΤΟΛΙΚΗΣ ΑΤΤΙΚΗΣ,ΑΤΤΙΚΗΣ,ΣΤΑΜΑΤΑΣ,ΑΝΑΤ. ΑΤΤΙΚΗΣ,ΑΤΤΙΚΗΣ
ΚΡΩΠΙΑΣ,ΚΡΩΠΙΑΣ,ΑΝΑΤΟΛΙΚΗΣ ΑΤΤΙΚΗΣ,ΑΤΤΙΚΗΣ,ΚΡΩΠΙΑΣ,ΑΝΑΤ. ΑΤΤΙΚΗΣ,ΑΤΤΙΚΗΣ
ΑΓΙΟΥ ΚΩΝΣΤΑΝΤΙΝΟΥ,ΛΑΥΡΕΩΤΙΚΗΣ,ΑΝΑΤΟΛΙΚΗΣ ΑΤΤΙΚΗΣ,ΑΤΤΙΚΗΣ,ΑΓΙΟΥ ΚΩΝΣΤΑΝΤΙΝΟΥ,ΑΝΑΤ. ΑΤΤΙΚΗΣ,ΑΤΤΙΚΗΣ
ΚΕΡΑΤΕΑΣ,ΛΑΥΡΕΩΤΙΚΗΣ,ΑΝΑΤΟΛΙΚΗΣ ΑΤΤΙΚΗΣ,ΑΤΤΙΚΗΣ,ΚΕΡΑΤΕΑΣ,ΑΝΑΤ. ΑΤΤΙΚΗΣ,ΑΤΤΙΚΗΣ
ΛΑΥΡΕΩΤΙΚΗΣ,ΛΑΥΡΕΩΤΙΚΗΣ,ΑΝΑΤΟΛΙΚΗΣ ΑΤΤΙΚΗΣ,ΑΤΤΙΚΗΣ,ΛΑΥΡΕΩΤΙΚΗΣ,ΑΝΑΤ. ΑΤΤΙΚΗΣ,ΑΤΤΙΚΗΣ
ΒΑΡΝΑΒΑ,ΜΑΡΑΘΩΝΟΣ,ΑΝΑΤΟΛΙΚΗΣ ΑΤΤΙΚΗΣ,ΑΤΤΙΚΗΣ,ΒΑΡΝΑΒΑ,ΑΝΑΤ. ΑΤΤΙΚΗΣ,ΑΤΤΙΚΗΣ
ΓΡΑΜΜΑΤΙΚΟΥ,ΜΑΡΑΘΩΝΟΣ,ΑΝΑΤΟΛΙΚΗΣ ΑΤΤΙΚΗΣ,ΑΤΤΙΚΗΣ,ΓΡΑΜΜΑΤΙΚΟΥ,ΑΝΑΤ. ΑΤΤΙΚΗΣ,ΑΤΤΙΚΗΣ
ΜΑΡΑΘΩΝΟΣ,ΜΑΡΑΘΩΝΟΣ,ΑΝΑΤΟΛΙΚΗΣ ΑΤΤΙΚΗΣ,ΑΤΤΙΚΗΣ,ΜΑΡΑΘΩΝΟΣ,ΑΝΑΤ. ΑΤΤΙΚΗΣ,ΑΤΤΙΚΗΣ
ΝΕΑΣ ΜΑΚΡΗΣ,ΜΑΡΑΘΩΝΟΣ,ΑΝΑΤΟΛΙΚΗΣ ΑΤΤΙΚΗΣ,ΑΤΤΙΚΗΣ,ΝΕΑΣ ΜΑΚΡΗΣ,ΑΝΑΤ. ΑΤΤΙΚΗΣ,ΑΤΤΙΚΗΣ
ΜΑΡΚΟΠΟΥΛΟΥ ΜΕΣΟΓΑΙΑΣ,ΜΑΡΚΟΠΟΥΛΟΥ ΜΕΣΟΓΑΙΑΣ,ΑΝΑΤΟΛΙΚΗΣ ΑΤΤΙΚΗΣ,ΑΤΤΙΚΗΣ,ΜΑΡΚΟΠΟΥΛΟΥ ΜΕΣΟΓΑΙΑΣ,ΑΝΑΤ. ΑΤΤΙΚΗΣ,ΑΤΤΙΚΗΣ
ΓΛΥΚΩΝ ΝΕΡΩΝ,ΠΑΙΑΝΙΑΣ,ΑΝΑΤΟΛΙΚΗΣ ΑΤΤΙΚΗΣ,ΑΤΤΙΚΗΣ,ΓΛΥΚΩΝ ΝΕΡΩΝ,ΑΝΑΤ. ΑΤΤΙΚΗΣ,ΑΤΤΙΚΗΣ
ΠΑΙΑΝΙΑΣ,ΠΑΙΑΝΙΑΣ,ΑΝΑΤΟΛΙΚΗΣ ΑΤΤΙΚΗΣ,ΑΤΤΙΚΗΣ,ΠΑΙΑΝΙΑΣ,ΑΝΑΤ. ΑΤΤΙΚΗΣ,ΑΤΤΙΚΗΣ
ΑΝΘΟΥΣΗΣ,ΠΑΛΛΗΝΗΣ,ΑΝΑΤΟΛΙΚΗΣ ΑΤΤΙΚΗΣ,ΑΤΤΙΚΗΣ,ΑΝΘΟΥΣΗΣ,ΑΝΑΤ. ΑΤΤΙΚΗΣ,ΑΤΤΙΚΗΣ
ΓΕΡΑΚΑ,ΠΑΛΛΗΝΗΣ,ΑΝΑΤΟΛΙΚΗΣ ΑΤΤΙΚΗΣ,ΑΤΤΙΚΗΣ,ΓΕΡΑΚΑ,ΑΝΑΤ. ΑΤΤΙΚΗΣ,ΑΤΤΙΚΗΣ
ΠΑΛΛΗΝΗΣ,ΠΑΛΛΗΝΗΣ,ΑΝΑΤΟΛΙΚΗΣ ΑΤΤΙΚΗΣ,ΑΤΤΙΚΗΣ,ΠΑΛΛΗΝΗΣ,ΑΝΑΤ. ΑΤΤΙΚΗΣ,ΑΤΤΙΚΗΣ
ΠΙΚΕΡΜΙΟΥ,ΡΑΦΗΝΑΣ - ΠΙΚΕΡΜΙΟΥ,ΑΝΑΤΟΛΙΚΗΣ ΑΤΤΙΚΗΣ,ΑΤΤΙΚΗΣ,ΠΙΚΕΡΜΙΟΥ,ΑΝΑΤ. ΑΤΤΙΚΗΣ,ΑΤΤΙΚΗΣ
ΡΑΦΗΝΑΣ,ΡΑΦΗΝΑΣ - ΠΙΚΕΡΜΙΟΥ,ΑΝΑΤΟΛΙΚΗΣ ΑΤΤΙΚΗΣ,ΑΤΤΙΚΗΣ,ΡΑΦΗΝΑΣ,ΑΝΑΤ. ΑΤΤΙΚΗΣ,ΑΤΤΙΚΗΣ
ΑΝΑΒΥΣΣΟΥ,ΣΑΡΩΝΙΚΟΥ,ΑΝΑΤΟΛΙΚΗΣ ΑΤΤΙΚΗΣ,ΑΤΤΙΚΗΣ,ΑΝΑΒΥΣΣΟΥ,ΑΝΑΤ. ΑΤΤΙΚΗΣ,ΑΤΤΙΚΗΣ
ΚΑΛΥΒΙΩΝ ΘΟΡΙΚΟΥ,ΣΑΡΩΝΙΚΟΥ,ΑΝΑΤΟΛΙΚΗΣ ΑΤΤΙΚΗΣ,ΑΤΤΙΚΗΣ,ΚΑΛΥΒΙΩΝ ΘΟΡΙΚΟΥ,ΑΝΑΤ. ΑΤΤΙΚΗΣ,ΑΤΤΙΚΗΣ
ΚΟΥΒΑΡΑ,ΣΑΡΩΝΙΚΟΥ,ΑΝΑΤΟΛΙΚΗΣ ΑΤΤΙΚΗΣ,ΑΤΤΙΚΗΣ,ΚΟΥΒΑΡΑ,ΑΝΑΤ. ΑΤΤΙΚΗΣ,ΑΤΤΙΚΗΣ
ΠΑΛΑΙΑΣ ΦΩΚΑΙΑΣ,ΣΑΡΩΝΙΚΟΥ,ΑΝΑΤΟΛΙΚΗΣ ΑΤΤΙΚΗΣ,ΑΤΤΙΚΗΣ,ΠΑΛΑΙΑΣ ΦΩΚΑΙΑΣ,ΑΝΑΤ. ΑΤΤΙΚΗΣ,ΑΤΤΙΚΗΣ
ΣΑΡΩΝΙΔΟΣ,ΣΑΡΩΝΙΚΟΥ,ΑΝΑΤΟΛΙΚΗΣ ΑΤΤΙΚΗΣ,ΑΤΤΙΚΗΣ,ΣΑΡΩΝΙΔΟΣ,ΑΝΑΤ. ΑΤΤΙΚΗΣ,ΑΤΤΙΚΗΣ
ΑΡΤΕΜΙΔΟΣ,ΣΠΑΤΩΝ - ΑΡΤΕΜΙΔΟΣ,ΑΝΑΤΟΛΙΚΗΣ ΑΤΤΙΚΗΣ,ΑΤΤΙΚΗΣ,ΑΡΤΕΜΙΔΟΣ (ΛΟΥΤΣΑΣ),ΑΝΑΤ. ΑΤΤΙΚΗΣ,ΑΤΤΙΚΗΣ
ΣΠΑΤΩΝ-ΛΟΥΤΣΑΣ,ΣΠΑΤΩΝ - ΑΡΤΕΜΙΔΟΣ,ΑΝΑΤΟΛΙΚΗΣ ΑΤΤΙΚΗΣ,ΑΤΤΙΚΗΣ,ΣΠΑΤΩΝ-ΛΟΥΤΣΑΣ,ΑΝΑΤ. ΑΤΤΙΚΗΣ,ΑΤΤΙΚΗΣ
ΑΥΛΩΝΟΣ,ΩΡΩΠΟΥ,ΑΝΑΤΟΛΙΚΗΣ ΑΤΤΙΚΗΣ,ΑΤΤΙΚΗΣ,ΑΥΛΩΝΟΣ,ΑΝΑΤ. ΑΤΤΙΚΗΣ,ΑΤΤΙΚΗΣ
ΑΦΙΔΝΩΝ,ΩΡΩΠΟΥ,ΑΝΑΤΟΛΙΚΗΣ ΑΤΤΙΚΗΣ,ΑΤΤΙΚΗΣ,ΑΦΙΔΝΩΝ,ΑΝΑΤ. ΑΤΤΙΚΗΣ,ΑΤΤΙΚΗΣ
ΚΑΛΑΜΟΥ,ΩΡΩΠΟΥ,ΑΝΑΤΟΛΙΚΗΣ ΑΤΤΙΚΗΣ,ΑΤΤΙΚΗΣ,ΚΑΛΑΜΟΥ,ΑΝΑΤ. ΑΤΤΙΚΗΣ,ΑΤΤΙΚΗΣ
ΚΑΠΑΝΔΡΙΤΙΟΥ,ΩΡΩΠΟΥ,ΑΝΑΤΟΛΙΚΗΣ ΑΤΤΙΚΗΣ,ΑΤΤΙΚΗΣ,ΚΑΠΑΝΔΡΙΤΙΟΥ,ΑΝΑΤ. ΑΤΤΙΚΗΣ,ΑΤΤΙΚΗΣ
ΜΑΛΑΚΑΣΗΣ,ΩΡΩΠΟΥ,ΑΝΑΤΟΛΙΚΗΣ ΑΤΤΙΚΗΣ,ΑΤΤΙΚΗΣ,ΜΑΛΑΚΑΣΗΣ,ΑΝΑΤ. ΑΤΤΙΚΗΣ,ΑΤΤΙΚΗΣ
ΜΑΡΚΟΠΟΥΛΟΥ ΩΡΩΠΟΥ,ΩΡΩΠΟΥ,ΑΝΑΤΟΛΙΚΗΣ ΑΤΤΙΚΗΣ,ΑΤΤΙΚΗΣ,ΜΑΡΚΟΠΟΥΛΟΥ ΩΡΩΠΟΥ,ΑΝΑΤ. ΑΤΤΙΚΗΣ,ΑΤΤΙΚΗΣ
ΠΟΛΥΔΕΝΔΡΙΟΥ,ΩΡΩΠΟΥ,ΑΝΑΤΟΛΙΚΗΣ ΑΤΤΙΚΗΣ,ΑΤΤΙΚΗΣ,ΠΟΛΥΔΕΝΔΡΙΟΥ,ΑΝΑΤ. ΑΤΤΙΚΗΣ,ΑΤΤΙΚΗΣ
ΣΥΚΑΜΙΝΟΥ,ΩΡΩΠΟΥ,ΑΝΑΤΟΛΙΚΗΣ ΑΤΤΙΚΗΣ,ΑΤΤΙΚΗΣ,ΣΥΚΑΜΙΝΟΥ,ΑΝΑΤ. ΑΤΤΙΚΗΣ,ΑΤΤΙΚΗΣ
ΩΡΩΠΙΩΝ,ΩΡΩΠΟΥ,ΑΝΑΤΟΛΙΚΗΣ ΑΤΤΙΚΗΣ,ΑΤΤΙΚΗΣ,ΩΡΩΠΙΩΝ,ΑΝΑΤ. ΑΤΤΙΚΗΣ,ΑΤΤΙΚΗΣ
ΑΣΠΡΟΠΥΡΓΟΥ,ΑΣΠΡΟΠΥΡΓΟΥ,ΔΥΤΙΚΗΣ ΑΤΤΙΚΗΣ,ΑΤΤΙΚΗΣ,ΑΣΠΡΟΠΥΡΓΟΥ,ΔΥΤΙΚΗΣ ΑΤΤΙΚΗΣ,ΑΤΤΙΚΗΣ
ΕΛΕΥΣΙΝΟΣ,ΕΛΕΥΣΙΝΑΣ,ΔΥΤΙΚΗΣ ΑΤΤΙΚΗΣ,ΑΤΤΙΚΗΣ,ΕΛΕΥΣΙΝΟΣ,ΔΥΤΙΚΗΣ ΑΤΤΙΚΗΣ,ΑΤΤΙΚΗΣ
ΜΑΓΟΥΛΑΣ,ΕΛΕΥΣΙΝΑΣ,ΔΥΤΙΚΗΣ ΑΤΤΙΚΗΣ,ΑΤΤΙΚΗΣ,ΜΑΓΟΥΛΑΣ,ΔΥΤΙΚΗΣ ΑΤΤΙΚΗΣ,ΑΤΤΙΚΗΣ
ΒΙΛΙΩΝ,ΜΑΝΔΡΑΣ - ΕΙΔΥΛΛΙΑΣ,ΔΥΤΙΚΗΣ ΑΤΤΙΚΗΣ,ΑΤΤΙΚΗΣ,ΒΙΛΙΩΝ,ΔΥΤΙΚΗΣ ΑΤΤΙΚΗΣ,ΑΤΤΙΚΗΣ
ΕΡΥΘΡΩΝ,ΜΑΝΔΡΑΣ - ΕΙΔΥΛΛΙΑΣ,ΔΥΤΙΚΗΣ ΑΤΤΙΚΗΣ,ΑΤΤΙΚΗΣ,ΕΡΥΘΡΩΝ,ΔΥΤΙΚΗΣ ΑΤΤΙΚΗΣ,ΑΤΤΙΚΗΣ
ΜΑΝΔΡΑΣ,ΜΑΝΔΡΑΣ - ΕΙΔΥΛΛΙΑΣ,ΔΥΤΙΚΗΣ ΑΤΤΙΚΗΣ,ΑΤΤΙΚΗΣ,ΜΑΝΔΡΑΣ,ΔΥΤΙΚΗΣ ΑΤΤΙΚΗΣ,ΑΤΤΙΚΗΣ
ΟΙΝΟΗΣ,ΜΑΝΔΡΑΣ - ΕΙΔΥΛΛΙΑΣ,ΔΥΤΙΚΗΣ ΑΤΤΙΚΗΣ,ΑΤΤΙΚΗΣ,ΟΙΝΟΗΣ,ΔΥΤΙΚΗΣ ΑΤΤΙΚΗΣ,ΑΤΤΙΚΗΣ
ΜΕΓΑΡΕΩΝ,ΜΕΓΑΡΕΩΝ,ΔΥΤΙΚΗΣ ΑΤΤΙΚΗΣ,ΑΤΤΙΚΗΣ,ΜΕΓΑΡΕΩΝ,ΔΥΤΙΚΗΣ ΑΤΤΙΚΗΣ,ΑΤΤΙΚΗΣ
ΝΕΑΣ ΠΕΡΑΜΟΥ,ΜΕΓΑΡΕΩΝ,ΔΥΤΙΚΗΣ ΑΤΤΙΚΗΣ,ΑΤΤΙΚΗΣ,ΝΕΑΣ ΠΕΡΑΜΟΥ,ΔΥΤΙΚΗΣ ΑΤΤΙΚΗΣ,ΑΤΤΙΚΗΣ
ΑΝΩ ΛΙΟΣΙΩΝ,ΦΥΛΗΣ,ΔΥΤΙΚΗΣ ΑΤΤΙΚΗΣ,ΑΤΤΙΚΗΣ,ΑΝΩ ΛΙΟΣΙΩΝ,ΔΥΤΙΚΗΣ ΑΤΤΙΚΗΣ,ΑΤΤΙΚΗΣ
ΖΕΦΥΡΙΟΥ,ΦΥΛΗΣ,ΔΥΤΙΚΗΣ ΑΤΤΙΚΗΣ,ΑΤΤΙΚΗΣ,ΖΕΦΥΡΙΟΥ,ΔΥΤΙΚΗΣ ΑΤΤΙΚΗΣ,ΑΤΤΙΚΗΣ
ΦΥΛΗΣ,ΦΥΛΗΣ,ΔΥΤΙΚΗΣ ΑΤΤΙΚΗΣ,ΑΤΤΙΚΗΣ,ΦΥΛΗΣ,ΔΥΤΙΚΗΣ ΑΤΤΙΚΗΣ,ΑΤΤΙΚΗΣ
ΑΛΕΑΣ,ΑΡΓΟΥΣ-ΜΥΚΗΝΩΝ,ΑΡΓΟΛΙΔΑΣ,ΠΕΛΟΠΟΝΝΗΣΟΥ,ΑΛΕΑΣ,ΑΡΓΟΛΙΔΟΣ,ΠΕΛΟΠΟΝΝΗΣΟΥ
ΑΡΓΟΥΣ,ΑΡΓΟΥΣ-ΜΥΚΗΝΩΝ,ΑΡΓΟΛΙΔΑΣ,ΠΕΛΟΠΟΝΝΗΣΟΥ,ΑΡΓΟΥΣ,ΑΡΓΟΛΙΔΟΣ,ΠΕΛΟΠΟΝΝΗΣΟΥ
ΑΧΛΑΔΟΚΑΜΠΟΥ,ΑΡΓΟΥΣ-ΜΥΚΗΝΩΝ,ΑΡΓΟΛΙΔΑΣ,ΠΕΛΟΠΟΝΝΗΣΟΥ,ΑΧΛΑΔΟΚΑΜΠΟΥ,ΑΡΓΟΛΙΔΟΣ,ΠΕΛΟΠΟΝΝΗΣΟΥ
ΚΟΥΤΣΟΠΟΔΙΟΥ,ΑΡΓΟΥΣ-ΜΥΚΗΝΩΝ,ΑΡΓΟΛΙΔΑΣ,ΠΕΛΟΠΟΝΝΗΣΟΥ,ΚΟΥΤΣΟΠΟΔΙΟΥ,ΑΡΓΟΛΙΔΟΣ,ΠΕΛΟΠΟΝΝΗΣΟΥ
ΛΕΡΝΑΣ,ΑΡΓΟΥΣ-ΜΥΚΗΝΩΝ,ΑΡΓΟΛΙΔΑΣ,ΠΕΛΟΠΟΝΝΗΣΟΥ,ΛΕΡΝΑΣ,ΑΡΓΟΛΙΔΟΣ,ΠΕΛΟΠΟΝΝΗΣΟΥ
ΛΥΡΚΕΙΑΣ,ΑΡΓΟΥΣ-ΜΥΚΗΝΩΝ,ΑΡΓΟΛΙΔΑΣ,ΠΕΛΟΠΟΝΝΗΣΟΥ,ΛΥΡΚΕΙΑΣ,ΑΡΓΟΛΙΔΟΣ,ΠΕΛΟΠΟΝΝΗΣΟΥ
ΜΥΚΗΝΑΙΩΝ,ΑΡΓΟΥΣ-ΜΥΚΗΝΩΝ,ΑΡΓΟΛΙΔΑΣ,ΠΕΛΟΠΟΝΝΗΣΟΥ,ΜΥΚΗΝΑΙΩΝ,ΑΡΓΟΛΙΔΟΣ,ΠΕΛΟΠΟΝΝΗΣΟΥ
ΝΕΑΣ ΚΙΟΥ,ΑΡΓΟΥΣ-ΜΥΚΗΝΩΝ,ΑΡΓΟΛΙΔΑΣ,ΠΕΛΟΠΟΝΝΗΣΟΥ,ΝΕΑΣ ΚΙΟΥ,ΑΡΓΟΛΙΔΟΣ,ΠΕΛΟΠΟΝΝΗΣΟΥ
ΑΣΚΛΗΠΙΕΙΟΥ,ΕΠΙΔΑΥΡΟΥ,ΑΡΓΟΛΙΔΑΣ,ΠΕΛΟΠΟΝΝΗΣΟΥ,ΑΣΚΛΗΠΙΕΙΟΥ,ΑΡΓΟΛΙΔΟΣ,ΠΕΛΟΠΟΝΝΗΣΟΥ
ΕΠΙΔΑΥΡΟΥ,ΕΠΙΔΑΥΡΟΥ,ΑΡΓΟΛΙΔΑΣ,ΠΕΛΟΠΟΝΝΗΣΟΥ,ΕΠΙΔΑΥΡΟΥ,ΑΡΓΟΛΙΔΟΣ,ΠΕΛΟΠΟΝΝΗΣΟΥ
ΕΡΜΙΟΝΗΣ,ΕΡΜΙΟΝΙΔΑΣ,ΑΡΓΟΛΙΔΑΣ,ΠΕΛΟΠΟΝΝΗΣΟΥ,ΕΡΜΙΟΝΗΣ,ΑΡΓΟΛΙΔΟΣ,ΠΕΛΟΠΟΝΝΗΣΟΥ
ΚΡΑΝΙΔΙΟΥ,ΕΡΜΙΟΝΙΔΑΣ,ΑΡΓΟΛΙΔΑΣ,ΠΕΛΟΠΟΝΝΗΣΟΥ,ΚΡΑΝΙΔΙΟΥ,ΑΡΓΟΛΙΔΟΣ,ΠΕΛΟΠΟΝΝΗΣΟΥ
ΑΣΙΝΗΣ,ΝΑΥΠΛΙΕΩΝ,ΑΡΓΟΛΙΔΑΣ,ΠΕΛΟΠΟΝΝΗΣΟΥ,ΑΣΙΝΗΣ,ΑΡΓΟΛΙΔΟΣ,ΠΕΛΟΠΟΝΝΗΣΟΥ
ΜΙΔΕΑΣ,ΝΑΥΠΛΙΕΩΝ,ΑΡΓΟΛΙΔΑΣ,ΠΕΛΟΠΟΝΝΗΣΟΥ,ΜΙΔΕΑΣ,ΑΡΓΟΛΙΔΟΣ,ΠΕΛΟΠΟΝΝΗΣΟΥ
ΝΑΥΠΛΙΟΥ,ΝΑΥΠΛΙΕΩΝ,ΑΡΓΟΛΙΔΑΣ,ΠΕΛΟΠΟΝΝΗΣΟΥ,ΝΑΥΠΛΙΟΥ,ΑΡΓΟΛΙΔΟΣ,ΠΕΛΟΠΟΝΝΗΣΟΥ
ΝΕΑΣ ΤΙΡΥΝΘΑΣ,ΝΑΥΠΛΙΕΩΝ,ΑΡΓΟΛΙΔΑΣ,ΠΕΛΟΠΟΝΝΗΣΟΥ,ΝΕΑΣ ΤΙΡΥΝΘΑΣ,ΑΡΓΟΛΙΔΟΣ,ΠΕΛΟΠΟΝΝΗΣΟΥ
ΒΟΡΕΙΑΣ ΚΥΝΟΥΡΙΑΣ,ΒΟΡΕΙΑΣ ΚΥΝΟΥΡΙΑΣ,ΑΡΚΑΔΙΑΣ,ΠΕΛΟΠΟΝΝΗΣΟΥ,ΒΟΡΕΙΑΣ ΚΥΝΟΥΡΙΑΣ,ΑΡΚΑΔΙΑΣ,ΠΕΛΟΠΟΝΝΗΣΟΥ
ΒΥΤΙΝΑΣ,ΓΟΡΤΥΝΙΑΣ,ΑΡΚΑΔΙΑΣ,ΠΕΛΟΠΟΝΝΗΣΟΥ,ΒΥΤΙΝΑΣ,ΑΡΚΑΔΙΑΣ,ΠΕΛΟΠΟΝΝΗΣΟΥ
ΔΗΜΗΤΣΑΝΗΣ,ΓΟΡΤΥΝΙΑΣ,ΑΡΚΑΔΙΑΣ,ΠΕΛΟΠΟΝΝΗΣΟΥ,ΔΗΜΗΤΣΑΝΗΣ,ΑΡΚΑΔΙΑΣ,ΠΕΛΟΠΟΝΝΗΣΟΥ
ΗΡΑΙΑΣ,ΓΟΡΤΥΝΙΑΣ,ΑΡΚΑΔΙΑΣ,ΠΕΛΟΠΟΝΝΗΣΟΥ,ΗΡΑΙΑΣ,ΑΡΚΑΔΙΑΣ,ΠΕΛΟΠΟΝΝΗΣΟΥ
ΚΛΕΙΤΟΡΟΣ,ΓΟΡΤΥΝΙΑΣ,ΑΡΚΑΔΙΑΣ,ΠΕΛΟΠΟΝΝΗΣΟΥ,ΚΛΕΙΤΟΡΟΣ,ΑΡΚΑΔΙΑΣ,ΠΕΛΟΠΟΝΝΗΣΟΥ
ΚΟΝΤΟΒΑΖΑΙΝΗΣ,ΓΟΡΤΥΝΙΑΣ,ΑΡΚΑΔΙΑΣ,ΠΕΛΟΠΟΝΝΗΣΟΥ,ΚΟΝΤΟΒΑΖΑΙΝΗΣ,ΑΡΚΑΔΙΑΣ,ΠΕΛΟΠΟΝΝΗΣΟΥ
ΛΑΓΚΑΔΙΩΝ,ΓΟΡΤΥΝΙΑΣ,ΑΡΚΑΔΙΑΣ,ΠΕΛΟΠΟΝΝΗΣΟΥ,ΛΑΓΚΑΔΙΩΝ,ΑΡΚΑΔΙΑΣ,ΠΕΛΟΠΟΝΝΗΣΟΥ
ΤΡΙΚΟΛΩΝΩΝ,ΓΟΡΤΥΝΙΑΣ,ΑΡΚΑΔΙΑΣ,ΠΕΛΟΠΟΝΝΗΣΟΥ,ΤΡΙΚΟΛΩΝΩΝ,ΑΡΚΑΔΙΑΣ,ΠΕΛΟΠΟΝΝΗΣΟΥ
ΤΡΟΠΑΙΩΝ,ΓΟΡΤΥΝΙΑΣ,ΑΡΚΑΔΙΑΣ,ΠΕΛΟΠΟΝΝΗΣΟΥ,ΤΡΟΠΑΙΩΝ,ΑΡΚΑΔΙΑΣ,ΠΕΛΟΠΟΝΝΗΣΟΥ
ΓΟΡΤΥΝΟΣ,ΜΕΓΑΛΟΠΟΛΗΣ,ΑΡΚΑΔΙΑΣ,ΠΕΛΟΠΟΝΝΗΣΟΥ,ΓΟΡΤΥΝΟΣ,ΑΡΚΑΔΙΑΣ,ΠΕΛΟΠΟΝΝΗΣΟΥ
ΜΕΓΑΛΟΠΟΛΗΣ,ΜΕΓΑΛΟΠΟΛΗΣ,ΑΡΚΑΔΙΑΣ,ΠΕΛΟΠΟΝΝΗΣΟΥ,ΜΕΓΑΛΟΠΟΛΗΣ,ΑΡΚΑΔΙΑΣ,ΠΕΛΟΠΟΝΝΗΣΟΥ
ΦΑΛΑΙΣΙΑΣ,ΜΕΓΑΛΟΠΟΛΗΣ,ΑΡΚΑΔΙΑΣ,ΠΕΛΟΠΟΝΝΗΣΟΥ,ΦΑΛΑΙΣΙΑΣ,ΑΡΚΑΔΙΑΣ,ΠΕΛΟΠΟΝΝΗΣΟΥ
ΚΟΣΜΑ,ΝΟΤΙΑΣ ΚΥΝΟΥΡΙΑΣ,ΑΡΚΑΔΙΑΣ,ΠΕΛΟΠΟΝΝΗΣΟΥ,ΚΟΣΜΑ,ΑΡΚΑΔΙΑΣ,ΠΕΛΟΠΟΝΝΗΣΟΥ
ΛΕΩΝΙΔΙΟΥ,ΝΟΤΙΑΣ ΚΥΝΟΥΡΙΑΣ,ΑΡΚΑΔΙΑΣ,ΠΕΛΟΠΟΝΝΗΣΟΥ,ΛΕΩΝΙΔΙΟΥ,ΑΡΚΑΔΙΑΣ,ΠΕΛΟΠΟΝΝΗΣΟΥ
ΤΥΡΟΥ,ΝΟΤΙΑΣ ΚΥΝΟΥΡΙΑΣ,ΑΡΚΑΔΙΑΣ,ΠΕΛΟΠΟΝΝΗΣΟΥ,ΤΥΡΟΥ,ΑΡΚΑΔΙΑΣ,ΠΕΛΟΠΟΝΝΗΣΟΥ
ΒΑΛΤΕΤΣΙΟΥ,ΤΡΙΠΟΛΗΣ,ΑΡΚΑΔΙΑΣ,ΠΕΛΟΠΟΝΝΗΣΟΥ,ΒΑΛΤΕΤΣΙΟΥ,ΑΡΚΑΔΙΑΣ,ΠΕΛΟΠΟΝΝΗΣΟΥ
ΚΟΡΥΘΙΟΥ,ΤΡΙΠΟΛΗΣ,ΑΡΚΑΔΙΑΣ,ΠΕΛΟΠΟΝΝΗΣΟΥ,ΚΟΡΥΘΙΟΥ,ΑΡΚΑΔΙΑΣ,ΠΕΛΟΠΟΝΝΗΣΟΥ
ΛΕΒΙΔΙΟΥ,ΤΡΙΠΟΛΗΣ,ΑΡΚΑΔΙΑΣ,ΠΕΛΟΠΟΝΝΗΣΟΥ,ΛΕΒΙΔΙΟΥ,ΑΡΚΑΔΙΑΣ,ΠΕΛΟΠΟΝΝΗΣΟΥ
ΜΑΝΤΙΝΕΙΑΣ,ΤΡΙΠΟΛΗΣ,ΑΡΚΑΔΙΑΣ,ΠΕΛΟΠΟΝΝΗΣΟΥ,ΜΑΝΤΙΝΕΙΑΣ,ΑΡΚΑΔΙΑΣ,ΠΕΛΟΠΟΝΝΗΣΟΥ
ΣΚΙΡΙΤΙΔΑΣ,ΤΡΙΠΟΛΗΣ,ΑΡΚΑΔΙΑΣ,ΠΕΛΟΠΟΝΝΗΣΟΥ,ΣΚΙΡΙΤΙΔΑΣ,ΑΡΚΑΔΙΑΣ,ΠΕΛΟΠΟΝΝΗΣΟΥ
ΤΕΓΕΑΣ,ΤΡΙΠΟΛΗΣ,ΑΡΚΑΔΙΑΣ,ΠΕΛΟΠΟΝΝΗΣΟΥ,ΤΕΓΕΑΣ,ΑΡΚΑΔΙΑΣ,ΠΕΛΟΠΟΝΝΗΣΟΥ
ΤΡΙΠΟΛΗΣ,ΤΡΙΠΟΛΗΣ,ΑΡΚΑΔΙΑΣ,ΠΕΛΟΠΟΝΝΗΣΟΥ,ΤΡΙΠΟΛΗΣ,ΑΡΚΑΔΙΑΣ,ΠΕΛΟΠΟΝΝΗΣΟΥ
ΦΑΛΑΝΘΟΥ,ΤΡΙΠΟΛΗΣ,ΑΡΚΑΔΙΑΣ,ΠΕΛΟΠΟΝΝΗΣΟΥ,ΦΑΛΑΝΘΟΥ,ΑΡΚΑΔΙΑΣ,ΠΕΛΟΠΟΝΝΗΣΟΥ
ΒΕΛΟΥ,ΒΕΛΟΥ-ΒΟΧΑΣ,ΚΟΡΙΝΘΙΑΣ,ΠΕΛΟΠΟΝΝΗΣΟΥ,ΒΕΛΟΥ,ΚΟΡΙΝΘΙΑΣ,ΠΕΛΟΠΟΝΝΗΣΟΥ
ΒΟΧΑΣ,ΒΕΛΟΥ-ΒΟΧΑΣ,ΚΟΡΙΝΘΙΑΣ,ΠΕΛΟΠΟΝΝΗΣΟΥ,ΒΟΧΑΣ,ΚΟΡΙΝΘΙΑΣ,ΠΕΛΟΠΟΝΝΗΣΟΥ
ΑΣΣΟΥ-ΛΕΧΑΙΟΥ,ΚΟΡΙΝΘΙΩΝ,ΚΟΡΙΝΘΙΑΣ,ΠΕΛΟΠΟΝΝΗΣΟΥ,ΑΣΣΟΥ-ΛΕΧΑΙΟΥ,ΚΟΡΙΝΘΙΑΣ,ΠΕΛΟΠΟΝΝΗΣΟΥ
ΚΟΡΙΝΘΙΩΝ,ΚΟΡΙΝΘΙΩΝ,ΚΟΡΙΝΘΙΑΣ,ΠΕΛΟΠΟΝΝΗΣΟΥ,ΚΟΡΙΝΘΙΩΝ,ΚΟΡΙΝΘΙΑΣ,ΠΕΛΟΠΟΝΝΗΣΟΥ
ΣΑΡΩΝΙΚΟΥ,ΚΟΡΙΝΘΙΩΝ,ΚΟΡΙΝΘΙΑΣ,ΠΕΛΟΠΟΝΝΗΣΟΥ,ΣΑΡΩΝΙΚΟΥ,ΚΟΡΙΝΘΙΑΣ,ΠΕΛΟΠΟΝΝΗΣΟΥ
ΣΟΛΥΓΕΙΑΣ,ΚΟΡΙΝΘΙΩΝ,ΚΟΡΙΝΘΙΑΣ,ΠΕΛΟΠΟΝΝΗΣΟΥ,ΣΟΛΥΓΕΙΑΣ,ΚΟΡΙΝΘΙΑΣ,ΠΕΛΟΠΟΝΝΗΣΟΥ
ΤΕΝΕΑΣ,ΚΟΡΙΝΘΙΩΝ,ΚΟΡΙΝΘΙΑΣ,ΠΕΛΟΠΟΝΝΗΣΟΥ,ΤΕΝΕΑΣ,ΚΟΡΙΝΘΙΑΣ,ΠΕΛΟΠΟΝΝΗΣΟΥ
ΑΓΙΩΝ ΘΕΟΔΩΡΩΝ,ΛΟΥΤΡΑΚΙΟΥ-ΑΓ.ΘΕΟΔΩΡΩΝ,ΚΟΡΙΝΘΙΑΣ,ΠΕΛΟΠΟΝΝΗΣΟΥ,ΑΓΙΩΝ ΘΕΟΔΩΡΩΝ,ΚΟΡΙΝΘΙΑΣ,ΠΕΛΟΠΟΝΝΗΣΟΥ
ΛΟΥΤΡΑΚΙΟΥ-ΠΕΡΑΧΩΡΑΣ,ΛΟΥΤΡΑΚΙΟΥ-ΑΓ.ΘΕΟΔΩΡΩΝ,ΚΟΡΙΝΘΙΑΣ,ΠΕΛΟΠΟΝΝΗΣΟΥ,ΛΟΥΤΡΑΚΙΟΥ-ΠΕΡΑΧΩΡΑΣ,ΚΟΡΙΝΘΙΑΣ,ΠΕΛΟΠΟΝΝΗΣΟΥ
ΝΕΜΕΑΣ,ΝΕΜΕΑΣ,ΚΟΡΙΝΘΙΑΣ,ΠΕΛΟΠΟΝΝΗΣΟΥ,ΝΕΜΕΑΣ,ΚΟΡΙΝΘΙΑΣ,ΠΕΛΟΠΟΝΝΗΣΟΥ
ΕΥΡΩΣΤΙΝΗΣ,ΞΥΛΟΚΑΣΤΡΟΥ-ΕΥΡΩΣΤΙΝΗΣ,ΚΟΡΙΝΘΙΑΣ,ΠΕΛΟΠΟΝΝΗΣΟΥ,ΕΥΡΩΣΤΙΝΗΣ,ΚΟΡΙΝΘΙΑΣ,ΠΕΛΟΠΟΝΝΗΣΟΥ
ΞΥΛΟΚΑΣΤΡΟΥ,ΞΥΛΟΚΑΣΤΡΟΥ-ΕΥΡΩΣΤΙΝΗΣ,ΚΟΡΙΝΘΙΑΣ,ΠΕΛΟΠΟΝΝΗΣΟΥ,ΞΥΛΟΚΑΣΤΡΟΥ,ΚΟΡΙΝΘΙΑΣ,ΠΕΛΟΠΟΝΝΗΣΟΥ
ΣΙΚΥΩΝΙΩΝ,ΣΙΚΥΩΝΙΩΝ,ΚΟΡΙΝΘΙΑΣ,ΠΕΛΟΠΟΝΝΗΣΟΥ,ΣΙΚΥΩΝΙΩΝ,ΚΟΡΙΝΘΙΑΣ,ΠΕΛΟΠΟΝΝΗΣΟΥ
ΣΤΥΜΦΑΛΙΑΣ,ΣΙΚΥΩΝΙΩΝ,ΚΟΡΙΝΘΙΑΣ,ΠΕΛΟΠΟΝΝΗΣΟΥ,ΣΤΥΜΦΑΛΙΑΣ,ΚΟΡΙΝΘΙΑΣ,ΠΕΛΟΠΟΝΝΗΣΟΥ
ΦΕΝΕΟΥ,ΣΙΚΥΩΝΙΩΝ,ΚΟΡΙΝΘΙΑΣ,ΠΕΛΟΠΟΝΝΗΣΟΥ,ΦΕΝΕΟΥ,ΚΟΡΙΝΘΙΑΣ,ΠΕΛΟΠΟΝΝΗΣΟΥ
ΑΝΑΤΟΛΙΚΗΣ ΜΑΝΗΣ,ΑΝΑΤΟΛΙΚΗΣ ΜΑΝΗΣ,ΛΑΚΩΝΙΑΣ,ΠΕΛΟΠΟΝΝΗΣΟΥ,ΑΝΑΤΟΛΙΚΗΣ ΜΑΝΗΣ,ΛΑΚΩΝΙΑΣ,ΠΕΛΟΠΟΝΝΗΣΟΥ
ΓΥΘΕΙΟΥ,ΑΝΑΤΟΛΙΚΗΣ ΜΑΝΗΣ,ΛΑΚΩΝΙΑΣ,ΠΕΛΟΠΟΝΝΗΣΟΥ,ΓΥΘΕΙΟΥ,ΛΑΚΩΝΙΑΣ,ΠΕΛΟΠΟΝΝΗΣΟΥ
ΟΙΤΥΛΟΥ,ΑΝΑΤΟΛΙΚΗΣ ΜΑΝΗΣ,ΛΑΚΩΝΙΑΣ,ΠΕΛΟΠΟΝΝΗΣΟΥ,ΟΙΤΥΛΟΥ,ΛΑΚΩΝΙΑΣ,ΠΕΛΟΠΟΝΝΗΣΟΥ
ΣΜΥΝΟΥΣ,ΑΝΑΤΟΛΙΚΗΣ ΜΑΝΗΣ,ΛΑΚΩΝΙΑΣ,ΠΕΛΟΠΟΝΝΗΣΟΥ,ΣΜΥΝΟΥΣ,ΛΑΚΩΝΙΑΣ,ΠΕΛΟΠΟΝΝΗΣΟΥ
ΕΛΑΦΟΝΗΣΟΥ,ΕΛΑΦΟΝΗΣΟΥ,ΛΑΚΩΝΙΑΣ,ΠΕΛΟΠΟΝΝΗΣΟΥ,ΕΛΑΦΟΝΗΣΟΥ,ΛΑΚΩΝΙΑΣ,ΠΕΛΟΠΟΝΝΗΣΟΥ
ΓΕΡΟΝΘΡΩΝ,ΕΥΡΩΤΑ,ΛΑΚΩΝΙΑΣ,ΠΕΛΟΠΟΝΝΗΣΟΥ,ΓΕΡΟΝΘΡΩΝ,ΛΑΚΩΝΙΑΣ,ΠΕΛΟΠΟΝΝΗΣΟΥ
ΕΛΟΥΣ,ΕΥΡΩΤΑ,ΛΑΚΩΝΙΑΣ,ΠΕΛΟΠΟΝΝΗΣΟΥ,ΕΛΟΥΣ,ΛΑΚΩΝΙΑΣ,ΠΕΛΟΠΟΝΝΗΣΟΥ
ΚΡΟΚΕΩΝ,ΕΥΡΩΤΑ,ΛΑΚΩΝΙΑΣ,ΠΕΛΟΠΟΝΝΗΣΟΥ,ΚΡΟΚΕΩΝ,ΛΑΚΩΝΙΑΣ,ΠΕΛΟΠΟΝΝΗΣΟΥ
ΝΙΑΤΩΝ,ΕΥΡΩΤΑ,ΛΑΚΩΝΙΑΣ,ΠΕΛΟΠΟΝΝΗΣΟΥ,ΝΙΑΤΩΝ,ΛΑΚΩΝΙΑΣ,ΠΕΛΟΠΟΝΝΗΣΟΥ
ΣΚΑΛΑΣ,ΕΥΡΩΤΑ,ΛΑΚΩΝΙΑΣ,ΠΕΛΟΠΟΝΝΗΣΟΥ,ΣΚΑΛΑΣ,ΛΑΚΩΝΙΑΣ,ΠΕΛΟΠΟΝΝΗΣΟΥ
ΑΣΩΠΟΥ,ΜΟΝΕΜΒΑΣΙΑΣ,ΛΑΚΩΝΙΑΣ,ΠΕΛΟΠΟΝΝΗΣΟΥ,ΑΣΩΠΟΥ,ΛΑΚΩΝΙΑΣ,ΠΕΛΟΠΟΝΝΗΣΟΥ
ΒΟΙΩΝ,ΜΟΝΕΜΒΑΣΙΑΣ,ΛΑΚΩΝΙΑΣ,ΠΕΛΟΠΟΝΝΗΣΟΥ,ΒΟΙΩΝ,ΛΑΚΩΝΙΑΣ,ΠΕΛΟΠΟΝΝΗΣΟΥ
ΖΑΡΑΚΑ,ΜΟΝΕΜΒΑΣΙΑΣ,ΛΑΚΩΝΙΑΣ,ΠΕΛΟΠΟΝΝΗΣΟΥ,ΖΑΡΑΚΑ,ΛΑΚΩΝΙΑΣ,ΠΕΛΟΠΟΝΝΗΣΟΥ
ΜΟΛΑΩΝ,ΜΟΝΕΜΒΑΣΙΑΣ,ΛΑΚΩΝΙΑΣ,ΠΕΛΟΠΟΝΝΗΣΟΥ,ΜΟΛΑΩΝ,ΛΑΚΩΝΙΑΣ,ΠΕΛΟΠΟΝΝΗΣΟΥ
ΜΟΝΕΜΒΑΣΙΑΣ,ΜΟΝΕΜΒΑΣΙΑΣ,ΛΑΚΩΝΙΑΣ,ΠΕΛΟΠΟΝΝΗΣΟΥ,ΜΟΝΕΜΒΑΣΙΑΣ,ΛΑΚΩΝΙΑΣ,ΠΕΛΟΠΟΝΝΗΣΟΥ
ΘΕΡΑΠΝΩΝ,ΣΠΑΡΤΗΣ,ΛΑΚΩΝΙΑΣ,ΠΕΛΟΠΟΝΝΗΣΟΥ,ΘΕΡΑΠΝΩΝ,ΛΑΚΩΝΙΑΣ,ΠΕΛΟΠΟΝΝΗΣΟΥ
ΚΑΡΥΩΝ,ΣΠΑΡΤΗΣ,ΛΑΚΩΝΙΑΣ,ΠΕΛΟΠΟΝΝΗΣΟΥ,ΚΑΡΥΩΝ,ΛΑΚΩΝΙΑΣ,ΠΕΛΟΠΟΝΝΗΣΟΥ
ΜΥΣΤΡΑ,ΣΠΑΡΤΗΣ,ΛΑΚΩΝΙΑΣ,ΠΕΛΟΠΟΝΝΗΣΟΥ,ΜΥΣΤΡΑ,ΛΑΚΩΝΙΑΣ,ΠΕΛΟΠΟΝΝΗΣΟΥ
ΟΙΝΟΥΝΤΟΣ,ΣΠΑΡΤΗΣ,ΛΑΚΩΝΙΑΣ,ΠΕΛΟΠΟΝΝΗΣΟΥ,ΟΙΝΟΥΝΤΟΣ,ΛΑΚΩΝΙΑΣ,ΠΕΛΟΠΟΝΝΗΣΟΥ
ΠΕΛΛΑΝΑΣ,ΣΠΑΡΤΗΣ,ΛΑΚΩΝΙΑΣ,ΠΕΛΟΠΟΝΝΗΣΟΥ,ΠΕΛΛΑΝΑΣ,ΛΑΚΩΝΙΑΣ,ΠΕΛΟΠΟΝΝΗΣΟΥ
ΣΠΑΡΤΙΑΤΩΝ,ΣΠΑΡΤΗΣ,ΛΑΚΩΝΙΑΣ,ΠΕΛΟΠΟΝΝΗΣΟΥ,ΣΠΑΡΤΙΑΤΩΝ,ΛΑΚΩΝΙΑΣ,ΠΕΛΟΠΟΝΝΗΣΟΥ
ΦΑΡΙΔΟΣ,ΣΠΑΡΤΗΣ,ΛΑΚΩΝΙΑΣ,ΠΕΛΟΠΟΝΝΗΣΟΥ,ΦΑΡΙΔΟΣ,ΛΑΚΩΝΙΑΣ,ΠΕΛΟΠΟΝΝΗΣΟΥ
ΑΒΙΑΣ,ΔΥΤΙΚΗΣ ΜΑΝΗΣ,ΜΕΣΣΗΝΙΑΣ,ΠΕΛΟΠΟΝΝΗΣΟΥ,ΑΒΙΑΣ,ΜΕΣΣΗΝΙΑΣ,ΠΕΛΟΠΟΝΝΗΣΟΥ
ΛΕΥΚΤΡΟΥ,ΔΥΤΙΚΗΣ ΜΑΝΗΣ,ΜΕΣΣΗΝΙΑΣ,ΠΕΛΟΠΟΝΝΗΣΟΥ,ΛΕΥΚΤΡΟΥ,ΜΕΣΣΗΝΙΑΣ,ΠΕΛΟΠΟΝΝΗΣΟΥ
ΑΡΙΟΣ,ΚΑΛΑΜΑΤΑΣ,ΜΕΣΣΗΝΙΑΣ,ΠΕΛΟΠΟΝΝΗΣΟΥ,ΑΡΙΟΣ,ΜΕΣΣΗΝΙΑΣ,ΠΕΛΟΠΟΝΝΗΣΟΥ
ΑΡΦΑΡΩΝ,ΚΑΛΑΜΑΤΑΣ,ΜΕΣΣΗΝΙΑΣ,ΠΕΛΟΠΟΝΝΗΣΟΥ,ΑΡΦΑΡΩΝ,ΜΕΣΣΗΝΙΑΣ,ΠΕΛΟΠΟΝΝΗΣΟΥ
ΘΟΥΡΙΑΣ,ΚΑΛΑΜΑΤΑΣ,ΜΕΣΣΗΝΙΑΣ,ΠΕΛΟΠΟΝΝΗΣΟΥ,ΘΟΥΡΙΑΣ,ΜΕΣΣΗΝΙΑΣ,ΠΕΛΟΠΟΝΝΗΣΟΥ
ΚΑΛΑΜΑΤΑΣ,ΚΑΛΑΜΑΤΑΣ,ΜΕΣΣΗΝΙΑΣ,ΠΕΛΟΠΟΝΝΗΣΟΥ,ΚΑΛΑΜΑΤΑΣ,ΜΕΣΣΗΝΙΑΣ,ΠΕΛΟΠΟΝΝΗΣΟΥ
ΑΙΠΕΙΑΣ,ΜΕΣΣΗΝΗΣ,ΜΕΣΣΗΝΙΑΣ,ΠΕΛΟΠΟΝΝΗΣΟΥ,ΑΙΠΕΙΑΣ,ΜΕΣΣΗΝΙΑΣ,ΠΕΛΟΠΟΝΝΗΣΟΥ
ΑΝΔΡΟΥΣΑΣ,ΜΕΣΣΗΝΗΣ,ΜΕΣΣΗΝΙΑΣ,ΠΕΛΟΠΟΝΝΗΣΟΥ,ΑΝΔΡΟΥΣΑΣ,ΜΕΣΣΗΝΙΑΣ,ΠΕΛΟΠΟΝΝΗΣΟΥ
ΑΡΙΣΤΟΜΕΝΟΥΣ,ΜΕΣΣΗΝΗΣ,ΜΕΣΣΗΝΙΑΣ,ΠΕΛΟΠΟΝΝΗΣΟΥ,ΑΡΙΣΤΟΜΕΝΟΥΣ,ΜΕΣΣΗΝΙΑΣ,ΠΕΛΟΠΟΝΝΗΣΟΥ
ΒΟΥΦΡΑΔΟΣ,ΜΕΣΣΗΝΗΣ,ΜΕΣΣΗΝΙΑΣ,ΠΕΛΟΠΟΝΝΗΣΟΥ,ΒΟΥΦΡΑΔΟΣ,ΜΕΣΣΗΝΙΑΣ,ΠΕΛΟΠΟΝΝΗΣΟΥ
ΙΘΩΜΗΣ,ΜΕΣΣΗΝΗΣ,ΜΕΣΣΗΝΙΑΣ,ΠΕΛΟΠΟΝΝΗΣΟΥ,ΙΘΩΜΗΣ,ΜΕΣΣΗΝΙΑΣ,ΠΕΛΟΠΟΝΝΗΣΟΥ
ΜΕΣΣΗΝΗΣ,ΜΕΣΣΗΝΗΣ,ΜΕΣΣΗΝΙΑΣ,ΠΕΛΟΠΟΝΝΗΣΟΥ,ΜΕΣΣΗΝΗΣ,ΜΕΣΣΗΝΙΑΣ,ΠΕΛΟΠΟΝΝΗΣΟΥ
ΠΕΤΑΛΙΔΙΟΥ,ΜΕΣΣΗΝΗΣ,ΜΕΣΣΗΝΙΑΣ,ΠΕΛΟΠΟΝΝΗΣΟΥ,ΠΕΤΑΛΙΔΙΟΥ,ΜΕΣΣΗΝΙΑΣ,ΠΕΛΟΠΟΝΝΗΣΟΥ
ΤΡΙΚΟΡΦΟΥ,ΜΕΣΣΗΝΗΣ,ΜΕΣΣΗΝΙΑΣ,ΠΕΛΟΠΟΝΝΗΣΟΥ,ΤΡΙΚΟΡΦΟΥ,ΜΕΣΣΗΝΙΑΣ,ΠΕΛΟΠΟΝΝΗΣΟΥ
ΑΝΔΑΝΙΑΣ,ΟΙΧΑΛΙΑΣ,ΜΕΣΣΗΝΙΑΣ,ΠΕΛΟΠΟΝΝΗΣΟΥ,ΑΝΔΑΝΙΑΣ,ΜΕΣΣΗΝΙΑΣ,ΠΕΛΟΠΟΝΝΗΣΟΥ
ΔΩΡΙΟΥ,ΟΙΧΑΛΙΑΣ,ΜΕΣΣΗΝΙΑΣ,ΠΕΛΟΠΟΝΝΗΣΟΥ,ΔΩΡΙΟΥ,ΜΕΣΣΗΝΙΑΣ,ΠΕΛΟΠΟΝΝΗΣΟΥ
ΕΙΡΑΣ,ΟΙΧΑΛΙΑΣ,ΜΕΣΣΗΝΙΑΣ,ΠΕΛΟΠΟΝΝΗΣΟΥ,ΕΙΡΑΣ,ΜΕΣΣΗΝΙΑΣ,ΠΕΛΟΠΟΝΝΗΣΟΥ
ΜΕΛΙΓΑΛΑ,ΟΙΧΑΛΙΑΣ,ΜΕΣΣΗΝΙΑΣ,ΠΕΛΟΠΟΝΝΗΣΟΥ,ΜΕΛΙΓΑΛΑ,ΜΕΣΣΗΝΙΑΣ,ΠΕΛΟΠΟΝΝΗΣΟΥ
ΟΙΧΑΛΙΑΣ,ΟΙΧΑΛΙΑΣ,ΜΕΣΣΗΝΙΑΣ,ΠΕΛΟΠΟΝΝΗΣΟΥ,ΟΙΧΑΛΙΑΣ,ΜΕΣΣΗΝΙΑΣ,ΠΕΛΟΠΟΝΝΗΣΟΥ
ΚΟΡΩΝΗΣ,ΠΥΛΟΥ-ΝΕΣΤΟΡΟΣ,ΜΕΣΣΗΝΙΑΣ,ΠΕΛΟΠΟΝΝΗΣΟΥ,ΚΟΡΩΝΗΣ,ΜΕΣΣΗΝΙΑΣ,ΠΕΛΟΠΟΝΝΗΣΟΥ
ΜΕΘΩΝΗΣ,ΠΥΛΟΥ-ΝΕΣΤΟΡΟΣ,ΜΕΣΣΗΝΙΑΣ,ΠΕΛΟΠΟΝΝΗΣΟΥ,ΜΕΘΩΝΗΣ,ΜΕΣΣΗΝΙΑΣ,ΠΕΛΟΠΟΝΝΗΣΟΥ
ΝΕΣΤΟΡΟΣ,ΠΥΛΟΥ-ΝΕΣΤΟΡΟΣ,ΜΕΣΣΗΝΙΑΣ,ΠΕΛΟΠΟΝΝΗΣΟΥ,ΝΕΣΤΟΡΟΣ,ΜΕΣΣΗΝΙΑΣ,ΠΕΛΟΠΟΝΝΗΣΟΥ
ΠΑΠΑΦΛΕΣΣΑ,ΠΥΛΟΥ-ΝΕΣΤΟΡΟΣ,ΜΕΣΣΗΝΙΑΣ,ΠΕΛΟΠΟΝΝΗΣΟΥ,ΠΑΠΑΦΛΕΣΣΑ,ΜΕΣΣΗΝΙΑΣ,ΠΕΛΟΠΟΝΝΗΣΟΥ
ΠΥΛΟΥ,ΠΥΛΟΥ-ΝΕΣΤΟΡΟΣ,ΜΕΣΣΗΝΙΑΣ,ΠΕΛΟΠΟΝΝΗΣΟΥ,ΠΥΛΟΥ,ΜΕΣΣΗΝΙΑΣ,ΠΕΛΟΠΟΝΝΗΣΟΥ
ΧΙΛΙΟΧΩΡΙΩΝ,ΠΥΛΟΥ-ΝΕΣΤΟΡΟΣ,ΜΕΣΣΗΝΙΑΣ,ΠΕΛΟΠΟΝΝΗΣΟΥ,ΧΙΛΙΟΧΩΡΙΩΝ,ΜΕΣΣΗΝΙΑΣ,ΠΕΛΟΠΟΝΝΗΣΟΥ
ΑΕΤΟΥ,ΤΡΙΦΥΛΙΑΣ,ΜΕΣΣΗΝΙΑΣ,ΠΕΛΟΠΟΝΝΗΣΟΥ,ΑΕΤΟΥ,ΜΕΣΣΗΝΙΑΣ,ΠΕΛΟΠΟΝΝΗΣΟΥ
ΑΥΛΩΝΟΣ,ΤΡΙΦΥΛΙΑΣ,ΜΕΣΣΗΝΙΑΣ,ΠΕΛΟΠΟΝΝΗΣΟΥ,ΑΥΛΩΝΟΣ,ΜΕΣΣΗΝΙΑΣ,ΠΕΛΟΠΟΝΝΗΣΟΥ
ΓΑΡΓΑΛΙΑΝΩΝ,ΤΡΙΦΥΛΙΑΣ,ΜΕΣΣΗΝΙΑΣ,ΠΕΛΟΠΟΝΝΗΣΟΥ,ΓΑΡΓΑΛΙΑΝΩΝ,ΜΕΣΣΗΝΙΑΣ,ΠΕΛΟΠΟΝΝΗΣΟΥ
ΚΥΠΑΡΙΣΣΙΑΣ,ΤΡΙΦΥΛΙΑΣ,ΜΕΣΣΗΝΙΑΣ,ΠΕΛΟΠΟΝΝΗΣΟΥ,ΚΥΠΑΡΙΣΣΙΑΣ,ΜΕΣΣΗΝΙΑΣ,ΠΕΛΟΠΟΝΝΗΣΟΥ
ΤΡΙΠΥΛΗΣ,ΤΡΙΦΥΛΙΑΣ,ΜΕΣΣΗΝΙΑΣ,ΠΕΛΟΠΟΝΝΗΣΟΥ,ΤΡΙΠΥΛΗΣ,ΜΕΣΣΗΝΙΑΣ,ΠΕΛΟΠΟΝΝΗΣΟΥ
ΦΙΛΙΑΤΡΩΝ,ΤΡΙΦΥΛΙΑΣ,ΜΕΣΣΗΝΙΑΣ,ΠΕΛΟΠΟΝΝΗΣΟΥ,ΦΙΛΙΑΤΡΩΝ,ΜΕΣΣΗΝΙΑΣ,ΠΕΛΟΠΟΝΝΗΣΟΥ
ΑΓΙΟΥ ΚΗΡΥΚΟΥ,ΙΚΑΡΙΑΣ,ΙΚΑΡΙΑΣ,ΒΟΡΕΙΟΥ ΑΙΓΑΙΟΥ,ΑΓΙΟΥ ΚΗΡΥΚΟΥ,ΣΑΜΟΥ,ΒΟΡΕΙΟΥ ΑΙΓΑΙΟΥ
ΕΥΔΗΛΟΥ,ΙΚΑΡΙΑΣ,ΙΚΑΡΙΑΣ,ΒΟΡΕΙΟΥ ΑΙΓΑΙΟΥ,ΕΥΔΗΛΟΥ,ΣΑΜΟΥ,ΒΟΡΕΙΟΥ ΑΙΓΑΙΟΥ
ΡΑΧΩΝ,ΙΚΑΡΙΑΣ,ΙΚΑΡΙΑΣ,ΒΟΡΕΙΟΥ ΑΙΓΑΙΟΥ,ΡΑΧΩΝ,ΣΑΜΟΥ,ΒΟΡΕΙΟΥ ΑΙΓΑΙΟΥ
ΦΟΥΡΝΩΝ ΚΟΡΣΕΩΝ,ΦΟΥΡΝΩΝ ΚΟΡΣΕΩΝ,ΙΚΑΡΙΑΣ,ΒΟΡΕΙΟΥ ΑΙΓΑΙΟΥ,ΦΟΥΡΝΩΝ ΚΟΡΣΕΩΝ,ΣΑΜΟΥ,ΒΟΡΕΙΟΥ ΑΙΓΑΙΟΥ
ΑΓΙΑΣ ΠΑΡΑΣΚΕΥΗΣ,ΛΕΣΒΟΥ,ΛΕΣΒΟΥ,ΒΟΡΕΙΟΥ ΑΙΓΑΙΟΥ,ΑΓΙΑΣ ΠΑΡΑΣΚΕΥΗΣ,ΛΕΣΒΟΥ,ΒΟΡΕΙΟΥ ΑΙΓΑΙΟΥ
ΑΓΙΑΣΟΥ,ΛΕΣΒΟΥ,ΛΕΣΒΟΥ,ΒΟΡΕΙΟΥ ΑΙΓΑΙΟΥ,ΑΓΙΑΣΟΥ,ΛΕΣΒΟΥ,ΒΟΡΕΙΟΥ ΑΙΓΑΙΟΥ
ΓΕΡΑΣ,ΛΕΣΒΟΥ,ΛΕΣΒΟΥ,ΒΟΡΕΙΟΥ ΑΙΓΑΙΟΥ,ΓΕΡΑΣ,ΛΕΣΒΟΥ,ΒΟΡΕΙΟΥ ΑΙΓΑΙΟΥ
ΕΡΕΣΟΥ - ΑΝΤΙΣΣΗΣ,ΛΕΣΒΟΥ,ΛΕΣΒΟΥ,ΒΟΡΕΙΟΥ ΑΙΓΑΙΟΥ,ΕΡΕΣΟΥ - ΑΝΤΙΣΣΗΣ,ΛΕΣΒΟΥ,ΒΟΡΕΙΟΥ ΑΙΓΑΙΟΥ
ΕΥΕΡΓΕΤΟΥΛΑ,ΛΕΣΒΟΥ,ΛΕΣΒΟΥ,ΒΟΡΕΙΟΥ ΑΙΓΑΙΟΥ,ΕΥΕΡΓΕΤΟΥΛΑ,ΛΕΣΒΟΥ,ΒΟΡΕΙΟΥ ΑΙΓΑΙΟΥ
ΚΑΛΛΟΝΗΣ,ΛΕΣΒΟΥ,ΛΕΣΒΟΥ,ΒΟΡΕΙΟΥ ΑΙΓΑΙΟΥ,ΚΑΛΛΟΝΗΣ,ΛΕΣΒΟΥ,ΒΟΡΕΙΟΥ ΑΙΓΑΙΟΥ
ΛΟΥΤΡΟΠΟΛΕΩΣ ΘΕΡΜΗΣ,ΛΕΣΒΟΥ,ΛΕΣΒΟΥ,ΒΟΡΕΙΟΥ ΑΙΓΑΙΟΥ,ΛΟΥΤΡΟΠΟΛΕΩΣ ΘΕΡΜΗΣ,ΛΕΣΒΟΥ,ΒΟΡΕΙΟΥ ΑΙΓΑΙΟΥ
ΜΑΝΤΑΜΑΔΟΥ,ΛΕΣΒΟΥ,ΛΕΣΒΟΥ,ΒΟΡΕΙΟΥ ΑΙΓΑΙΟΥ,ΜΑΝΤΑΜΑΔΟΥ,ΛΕΣΒΟΥ,ΒΟΡΕΙΟΥ ΑΙΓΑΙΟΥ
ΜΗΘΥΜΝΑΣ,ΛΕΣΒΟΥ,ΛΕΣΒΟΥ,ΒΟΡΕΙΟΥ ΑΙΓΑΙΟΥ,ΜΗΘΥΜΝΑΣ,ΛΕΣΒΟΥ,ΒΟΡΕΙΟΥ ΑΙΓΑΙΟΥ
ΜΥΤΙΛΗΝΗΣ,ΛΕΣΒΟΥ,ΛΕΣΒΟΥ,ΒΟΡΕΙΟΥ ΑΙΓΑΙΟΥ,ΜΥΤΙΛΗΝΗΣ,ΛΕΣΒΟΥ,ΒΟΡΕΙΟΥ ΑΙΓΑΙΟΥ
ΠΕΤΡΑΣ,ΛΕΣΒΟΥ,ΛΕΣΒΟΥ,ΒΟΡΕΙΟΥ ΑΙΓΑΙΟΥ,ΠΕΤΡΑΣ,ΛΕΣΒΟΥ,ΒΟΡΕΙΟΥ ΑΙΓΑΙΟΥ
ΠΛΩΜΑΡΙΟΥ,ΛΕΣΒΟΥ,ΛΕΣΒΟΥ,ΒΟΡΕΙΟΥ ΑΙΓΑΙΟΥ,ΠΛΩΜΑΡΙΟΥ,ΛΕΣΒΟΥ,ΒΟΡΕΙΟΥ ΑΙΓΑΙΟΥ
ΠΟΛΙΧΝΙΤΟΥ,ΛΕΣΒΟΥ,ΛΕΣΒΟΥ,ΒΟΡΕΙΟΥ ΑΙΓΑΙΟΥ,ΠΟΛΙΧΝΙΤΟΥ,ΛΕΣΒΟΥ,ΒΟΡΕΙΟΥ ΑΙΓΑΙΟΥ
ΑΓΙΟΥ ΕΥΣΤΡΑΤΙΟΥ,ΑΓΙΟΥ ΕΥΣΤΡΑΤΙΟΥ,ΛΗΜΝΟΥ,ΒΟΡΕΙΟΥ ΑΙΓΑΙΟΥ,ΑΓΙΟΥ ΕΥΣΤΡΑΤΙΟΥ,ΛΕΣΒΟΥ,ΒΟΡΕΙΟΥ ΑΙΓΑΙΟΥ
ΑΤΣΙΚΗΣ,ΛΗΜΝΟΥ,ΛΗΜΝΟΥ,ΒΟΡΕΙΟΥ ΑΙΓΑΙΟΥ,ΑΤΣΙΚΗΣ,ΛΕΣΒΟΥ,ΒΟΡΕΙΟΥ ΑΙΓΑΙΟΥ
ΜΟΥΔΡΟΥ,ΛΗΜΝΟΥ,ΛΗΜΝΟΥ,ΒΟΡΕΙΟΥ ΑΙΓΑΙΟΥ,ΜΟΥΔΡΟΥ,ΛΕΣΒΟΥ,ΒΟΡΕΙΟΥ ΑΙΓΑΙΟΥ
ΜΥΡΙΝΑΣ,ΛΗΜΝΟΥ,ΛΗΜΝΟΥ,ΒΟΡΕΙΟΥ ΑΙΓΑΙΟΥ,ΜΥΡΙΝΑΣ,ΛΕΣΒΟΥ,ΒΟΡΕΙΟΥ ΑΙΓΑΙΟΥ
ΝΕΑΣ ΚΟΥΤΑΛΗΣ,ΛΗΜΝΟΥ,ΛΗΜΝΟΥ,ΒΟΡΕΙΟΥ ΑΙΓΑΙΟΥ,ΝΕΑΣ ΚΟΥΤΑΛΗΣ,ΛΕΣΒΟΥ,ΒΟΡΕΙΟΥ ΑΙΓΑΙΟΥ
ΒΑΘΕΟΣ,ΣΑΜΟΥ,ΣΑΜΟΥ,ΒΟΡΕΙΟΥ ΑΙΓΑΙΟΥ,ΒΑΘΕΟΣ,ΣΑΜΟΥ,ΒΟΡΕΙΟΥ ΑΙΓΑΙΟΥ
ΚΑΡΛΟΒΑΣΙΩΝ,ΣΑΜΟΥ,ΣΑΜΟΥ,ΒΟΡΕΙΟΥ ΑΙΓΑΙΟΥ,ΚΑΡΛΟΒΑΣΙΩΝ,ΣΑΜΟΥ,ΒΟΡΕΙΟΥ ΑΙΓΑΙΟΥ
ΜΑΡΑΘΟΚΑΜΠΟΥ,ΣΑΜΟΥ,ΣΑΜΟΥ,ΒΟΡΕΙΟΥ ΑΙΓΑΙΟΥ,ΜΑΡΑΘΟΚΑΜΠΟΥ,ΣΑΜΟΥ,ΒΟΡΕΙΟΥ ΑΙΓΑΙΟΥ
ΠΥΘΑΓΟΡΕΙΟΥ,ΣΑΜΟΥ,ΣΑΜΟΥ,ΒΟΡΕΙΟΥ ΑΙΓΑΙΟΥ,ΠΥΘΑΓΟΡΕΙΟΥ,ΣΑΜΟΥ,ΒΟΡΕΙΟΥ ΑΙΓΑΙΟΥ
ΟΙΝΟΥΣΣΩΝ,ΟΙΝΟΥΣΣΩΝ,ΧΙΟΥ,ΒΟΡΕΙΟΥ ΑΙΓΑΙΟΥ,ΟΙΝΟΥΣΣΩΝ,ΧΙΟΥ,ΒΟΡΕΙΟΥ ΑΙΓΑΙΟΥ
ΑΓΙΟΥ ΜΗΝΑ,ΧΙΟΥ,ΧΙΟΥ,ΒΟΡΕΙΟΥ ΑΙΓΑΙΟΥ,ΑΓΙΟΥ ΜΗΝΑ,ΧΙΟΥ,ΒΟΡΕΙΟΥ ΑΙΓΑΙΟΥ
ΑΜΑΝΗΣ,ΧΙΟΥ,ΧΙΟΥ,ΒΟΡΕΙΟΥ ΑΙΓΑΙΟΥ,ΑΜΑΝΗΣ,ΧΙΟΥ,ΒΟΡΕΙΟΥ ΑΙΓΑΙΟΥ
ΙΩΝΙΑΣ,ΧΙΟΥ,ΧΙΟΥ,ΒΟΡΕΙΟΥ ΑΙΓΑΙΟΥ,ΙΩΝΙΑΣ,ΧΙΟΥ,ΒΟΡΕΙΟΥ ΑΙΓΑΙΟΥ
ΚΑΜΠΟΧΩΡΩΝ,ΧΙΟΥ,ΧΙΟΥ,ΒΟΡΕΙΟΥ ΑΙΓΑΙΟΥ,ΚΑΜΠΟΧΩΡΩΝ,ΧΙΟΥ,ΒΟΡΕΙΟΥ ΑΙΓΑΙΟΥ
ΚΑΡΔΑΜΥΛΩΝ,ΧΙΟΥ,ΧΙΟΥ,ΒΟΡΕΙΟΥ ΑΙΓΑΙΟΥ,ΚΑΡΔΑΜΥΛΩΝ,ΧΙΟΥ,ΒΟΡΕΙΟΥ ΑΙΓΑΙΟΥ
ΜΑΣΤΙΧΟΧΩΡΙΩΝ,ΧΙΟΥ,ΧΙΟΥ,ΒΟΡΕΙΟΥ ΑΙΓΑΙΟΥ,ΜΑΣΤΙΧΟΧΩΡΙΩΝ,ΧΙΟΥ,ΒΟΡΕΙΟΥ ΑΙΓΑΙΟΥ
ΟΜΗΡΟΥΠΟΛΗΣ,ΧΙΟΥ,ΧΙΟΥ,ΒΟΡΕΙΟΥ ΑΙΓΑΙΟΥ,ΟΜΗΡΟΥΠΟΛΗΣ,ΧΙΟΥ,ΒΟΡΕΙΟΥ ΑΙΓΑΙΟΥ
ΧΙΟΥ,ΧΙΟΥ,ΧΙΟΥ,ΒΟΡΕΙΟΥ ΑΙΓΑΙΟΥ,ΧΙΟΥ,ΧΙΟΥ,ΒΟΡΕΙΟΥ ΑΙΓΑΙΟΥ
ΨΑΡΩΝ,ΨΑΡΩΝ,ΧΙΟΥ,ΒΟΡΕΙΟΥ ΑΙΓΑΙΟΥ,ΨΑΡΩΝ,ΧΙΟΥ,ΒΟΡΕΙΟΥ ΑΙΓΑΙΟΥ
ΑΝΔΡΟΥ,ΑΝΔΡΟΥ,ΑΝΔΡΟΥ,ΝΟΤΙΟΥ ΑΙΓΑΙΟΥ,ΑΝΔΡΟΥ,ΚΥΚΛΑΔΩΝ,ΝΟΤΙΟΥ ΑΙΓΑΙΟΥ
ΚΟΡΘΙΟΥ,ΑΝΔΡΟΥ,ΑΝΔΡΟΥ,ΝΟΤΙΟΥ ΑΙΓΑΙΟΥ,ΚΟΡΘΙΟΥ,ΚΥΚΛΑΔΩΝ,ΝΟΤΙΟΥ ΑΙΓΑΙΟΥ
ΥΔΡΟΥΣΑΣ,ΑΝΔΡΟΥ,ΑΝΔΡΟΥ,ΝΟΤΙΟΥ ΑΙΓΑΙΟΥ,ΥΔΡΟΥΣΑΣ,ΚΥΚΛΑΔΩΝ,ΝΟΤΙΟΥ ΑΙΓΑΙΟΥ
ΑΝΑΦΗΣ,ΑΝΑΦΗΣ,ΘΗΡΑΣ,ΝΟΤΙΟΥ ΑΙΓΑΙΟΥ,ΑΝΑΦΗΣ,ΚΥΚΛΑΔΩΝ,ΝΟΤΙΟΥ ΑΙΓΑΙΟΥ
ΘΗΡΑΣ,ΘΗΡΑΣ,ΘΗΡΑΣ,ΝΟΤΙΟΥ ΑΙΓΑΙΟΥ,ΘΗΡΑΣ,ΚΥΚΛΑΔΩΝ,ΝΟΤΙΟΥ ΑΙΓΑΙΟΥ
ΟΙΑΣ,ΘΗΡΑΣ,ΘΗΡΑΣ,ΝΟΤΙΟΥ ΑΙΓΑΙΟΥ,ΟΙΑΣ,ΚΥΚΛΑΔΩΝ,ΝΟΤΙΟΥ ΑΙΓΑΙΟΥ
ΙΗΤΩΝ,ΙΗΤΩΝ,ΘΗΡΑΣ,ΝΟΤΙΟΥ ΑΙΓΑΙΟΥ,ΙΗΤΩΝ,ΚΥΚΛΑΔΩΝ,ΝΟΤΙΟΥ ΑΙΓΑΙΟΥ
ΣΙΚΙΝΟΥ,ΣΙΚΙΝΟΥ,ΘΗΡΑΣ,ΝΟΤΙΟΥ ΑΙΓΑΙΟΥ,ΣΙΚΙΝΟΥ,ΚΥΚΛΑΔΩΝ,ΝΟΤΙΟΥ ΑΙΓΑΙΟΥ
ΦΟΛΕΓΑΝΔΡΟΥ,ΦΟΛΕΓΑΝΔΡΟΥ,ΘΗΡΑΣ,ΝΟΤΙΟΥ ΑΙΓΑΙΟΥ,ΦΟΛΕΓΑΝΔΡΟΥ,ΚΥΚΛΑΔΩΝ,ΝΟΤΙΟΥ ΑΙΓΑΙΟΥ
ΑΓΑΘΟΝΗΣΙΟΥ,ΑΓΑΘΟΝΗΣΙΟΥ,ΚΑΛΥΜΝΟΥ,ΝΟΤΙΟΥ ΑΙΓΑΙΟΥ,ΑΓΑΘΟΝΗΣΙΟΥ,ΔΩΔΕΚΑΝΗΣΟΥ,ΝΟΤΙΟΥ ΑΙΓΑΙΟΥ
ΑΣΤΥΠΑΛΑΙΑΣ,ΑΣΤΥΠΑΛΑΙΑΣ,ΚΑΛΥΜΝΟΥ,ΝΟΤΙΟΥ ΑΙΓΑΙΟΥ,ΑΣΤΥΠΑΛΑΙΑΣ,ΔΩΔΕΚΑΝΗΣΟΥ,ΝΟΤΙΟΥ ΑΙΓΑΙΟΥ
ΚΑΛΥΜΝΙΩΝ,ΚΑΛΥΜΝΙΩΝ,ΚΑΛΥΜΝΟΥ,ΝΟΤΙΟΥ ΑΙΓΑΙΟΥ,ΚΑΛΥΜΝΙΩΝ,ΔΩΔΕΚΑΝΗΣΟΥ,ΝΟΤΙΟΥ ΑΙΓΑΙΟΥ
ΛΕΙΨΩΝ,ΛΕΙΨΩΝ,ΚΑΛΥΜΝΟΥ,ΝΟΤΙΟΥ ΑΙΓΑΙΟΥ,ΛΕΙΨΩΝ,ΔΩΔΕΚΑΝΗΣΟΥ,ΝΟΤΙΟΥ ΑΙΓΑΙΟΥ
ΛΕΡΟΥ,ΛΕΡΟΥ,ΚΑΛΥΜΝΟΥ,ΝΟΤΙΟΥ ΑΙΓΑΙΟΥ,ΛΕΡΟΥ,ΔΩΔΕΚΑΝΗΣΟΥ,ΝΟΤΙΟΥ ΑΙΓΑΙΟΥ
ΠΑΤΜΟΥ,ΠΑΤΜΟΥ,ΚΑΛΥΜΝΟΥ,ΝΟΤΙΟΥ ΑΙΓΑΙΟΥ,ΠΑΤΜΟΥ,ΔΩΔΕΚΑΝΗΣΟΥ,ΝΟΤΙΟΥ ΑΙΓΑΙΟΥ
ΚΑΡΠΑΘΟΥ,ΚΑΡΠΑΘΟΥ,ΚΑΡΠΑΘΟΥ,ΝΟΤΙΟΥ ΑΙΓΑΙΟΥ,ΚΑΡΠΑΘΟΥ,ΔΩΔΕΚΑΝΗΣΟΥ,ΝΟΤΙΟΥ ΑΙΓΑΙΟΥ
ΟΛΥΜΠΟΥ,ΚΑΡΠΑΘΟΥ,ΚΑΡΠΑΘΟΥ,ΝΟΤΙΟΥ ΑΙΓΑΙΟΥ,ΟΛΥΜΠΟΥ,ΔΩΔΕΚΑΝΗΣΟΥ,ΝΟΤΙΟΥ ΑΙΓΑΙΟΥ
ΚΑΣΟΥ,ΚΑΣΟΥ,ΚΑΡΠΑΘΟΥ,ΝΟΤΙΟΥ ΑΙΓΑΙΟΥ,ΚΑΣΟΥ,ΔΩΔΕΚΑΝΗΣΟΥ,ΝΟΤΙΟΥ ΑΙΓΑΙΟΥ
ΚΕΑΣ,ΚΕΑΣ,ΚΕΑΣ-ΚΥΘΝΟΥ,ΝΟΤΙΟΥ ΑΙΓΑΙΟΥ,ΚΕΑΣ,ΚΥΚΛΑΔΩΝ,ΝΟΤΙΟΥ ΑΙΓΑΙΟΥ
ΚΥΘΝΟΥ,ΚΥΘΝΟΥ,ΚΕΑΣ-ΚΥΘΝΟΥ,ΝΟΤΙΟΥ ΑΙΓΑΙΟΥ,ΚΥΘΝΟΥ,ΚΥΚΛΑΔΩΝ,ΝΟΤΙΟΥ ΑΙΓΑΙΟΥ
ΔΙΚΑΙΟΥ,ΚΩ,ΚΩ,ΝΟΤΙΟΥ ΑΙΓΑΙΟΥ,ΔΙΚΑΙΟΥ,ΔΩΔΕΚΑΝΗΣΟΥ,ΝΟΤΙΟΥ ΑΙΓΑΙΟΥ
ΗΡΑΚΛΕΙΔΩΝ,ΚΩ,ΚΩ,ΝΟΤΙΟΥ ΑΙΓΑΙΟΥ,ΗΡΑΚΛΕΙΔΩΝ,ΔΩΔΕΚΑΝΗΣΟΥ,ΝΟΤΙΟΥ ΑΙΓΑΙΟΥ
ΚΩ,ΚΩ,ΚΩ,ΝΟΤΙΟΥ ΑΙΓΑΙΟΥ,ΚΩ,ΔΩΔΕΚΑΝΗΣΟΥ,ΝΟΤΙΟΥ ΑΙΓΑΙΟΥ
ΝΙΣΥΡΟΥ,ΝΙΣΥΡΟΥ,ΚΩ,ΝΟΤΙΟΥ ΑΙΓΑΙΟΥ,ΝΙΣΥΡΟΥ,ΔΩΔΕΚΑΝΗΣΟΥ,ΝΟΤΙΟΥ ΑΙΓΑΙΟΥ
ΚΙΜΩΛΟΥ,ΚΙΜΩΛΟΥ,ΜΗΛΟΥ,ΝΟΤΙΟΥ ΑΙΓΑΙΟΥ,ΚΙΜΩΛΟΥ,ΚΥΚΛΑΔΩΝ,ΝΟΤΙΟΥ ΑΙΓΑΙΟΥ
ΜΗΛΟΥ,ΜΗΛΟΥ,ΜΗΛΟΥ,ΝΟΤΙΟΥ ΑΙΓΑΙΟΥ,ΜΗΛΟΥ,ΚΥΚΛΑΔΩΝ,ΝΟΤΙΟΥ ΑΙΓΑΙΟΥ
ΣΕΡΙΦΟΥ,ΣΕΡΙΦΟΥ,ΜΗΛΟΥ,ΝΟΤΙΟΥ ΑΙΓΑΙΟΥ,ΣΕΡΙΦΟΥ,ΚΥΚΛΑΔΩΝ,ΝΟΤΙΟΥ ΑΙΓΑΙΟΥ
ΣΙΦΝΟΥ,ΣΙΦΝΟΥ,ΜΗΛΟΥ,ΝΟΤΙΟΥ ΑΙΓΑΙΟΥ,ΣΙΦΝΟΥ,ΚΥΚΛΑΔΩΝ,ΝΟΤΙΟΥ ΑΙΓΑΙΟΥ
ΜΥΚΟΝΟΥ,ΜΥΚΟΝΟΥ,ΜΥΚΟΝΟΥ,ΝΟΤΙΟΥ ΑΙΓΑΙΟΥ,ΜΥΚΟΝΟΥ,ΚΥΚΛΑΔΩΝ,ΝΟΤΙΟΥ ΑΙΓΑΙΟΥ
ΑΜΟΡΓΟΥ,ΑΜΟΡΓΟΥ,ΝΑΞΟΥ,ΝΟΤΙΟΥ ΑΙΓΑΙΟΥ,ΑΜΟΡΓΟΥ,ΚΥΚΛΑΔΩΝ,ΝΟΤΙΟΥ ΑΙΓΑΙΟΥ
ΔΟΝΟΥΣΗΣ,ΝΑΞΟΥ & ΜΙΚΡΩΝ ΚΥΚΛΑΔΩΝ,ΝΑΞΟΥ,ΝΟΤΙΟΥ ΑΙΓΑΙΟΥ,ΔΟΝΟΥΣΗΣ,ΚΥΚΛΑΔΩΝ,ΝΟΤΙΟΥ ΑΙΓΑΙΟΥ
ΔΡΥΜΑΛΙΑΣ,ΝΑΞΟΥ & ΜΙΚΡΩΝ ΚΥΚΛΑΔΩΝ,ΝΑΞΟΥ,ΝΟΤΙΟΥ ΑΙΓΑΙΟΥ,ΔΡΥΜΑΛΙΑΣ,ΚΥΚΛΑΔΩΝ,ΝΟΤΙΟΥ ΑΙΓΑΙΟΥ
ΗΡΑΚΛΕΙΑΣ,ΝΑΞΟΥ & ΜΙΚΡΩΝ ΚΥΚΛΑΔΩΝ,ΝΑΞΟΥ,ΝΟΤΙΟΥ ΑΙΓΑΙΟΥ,ΗΡΑΚΛΕΙΑΣ,ΚΥΚΛΑΔΩΝ,ΝΟΤΙΟΥ ΑΙΓΑΙΟΥ
ΚΟΥΦΟΝΗΣΙΩΝ,ΝΑΞΟΥ & ΜΙΚΡΩΝ ΚΥΚΛΑΔΩΝ,ΝΑΞΟΥ,ΝΟΤΙΟΥ ΑΙΓΑΙΟΥ,ΚΟΥΦΟΝΗΣΙΩΝ,ΚΥΚΛΑΔΩΝ,ΝΟΤΙΟΥ ΑΙΓΑΙΟΥ
ΝΑΞΟΥ,ΝΑΞΟΥ & ΜΙΚΡΩΝ ΚΥΚΛΑΔΩΝ,ΝΑΞΟΥ,ΝΟΤΙΟΥ ΑΙΓΑΙΟΥ,ΝΑΞΟΥ,ΚΥΚΛΑΔΩΝ,ΝΟΤΙΟΥ ΑΙΓΑΙΟΥ
ΣΧΟΙΝΟΥΣΣΗΣ,ΝΑΞΟΥ & ΜΙΚΡΩΝ ΚΥΚΛΑΔΩΝ,ΝΑΞΟΥ,ΝΟΤΙΟΥ ΑΙΓΑΙΟΥ,ΣΧΟΙΝΟΥΣΣΗΣ,ΚΥΚΛΑΔΩΝ,ΝΟΤΙΟΥ ΑΙΓΑΙΟΥ
ΑΝΤΙΠΑΡΟΥ,ΑΝΤΙΠΑΡΟΥ,ΠΑΡΟΥ,ΝΟΤΙΟΥ ΑΙΓΑΙΟΥ,ΑΝΤΙΠΑΡΟΥ,ΚΥΚΛΑΔΩΝ,ΝΟΤΙΟΥ ΑΙΓΑΙΟΥ
ΠΑΡΟΥ,ΠΑΡΟΥ,ΠΑΡΟΥ,ΝΟΤΙΟΥ ΑΙΓΑΙΟΥ,ΠΑΡΟΥ,ΚΥΚΛΑΔΩΝ,ΝΟΤΙΟΥ ΑΙΓΑΙΟΥ
ΜΕΓΙΣΤΗΣ,ΜΕΓΙΣΤΗΣ,ΡΟΔΟΥ,ΝΟΤΙΟΥ ΑΙΓΑΙΟΥ,ΜΕΓΙΣΤΗΣ,ΔΩΔΕΚΑΝΗΣΟΥ,ΝΟΤΙΟΥ ΑΙΓΑΙΟΥ
ΑΡΧΑΓΓΕΛΟΥ,ΡΟΔΟΥ,ΡΟΔΟΥ,ΝΟΤΙΟΥ ΑΙΓΑΙΟΥ,ΑΡΧΑΓΓΕΛΟΥ,ΔΩΔΕΚΑΝΗΣΟΥ,ΝΟΤΙΟΥ ΑΙΓΑΙΟΥ
ΑΤΑΒΥΡΟΥ,ΡΟΔΟΥ,ΡΟΔΟΥ,ΝΟΤΙΟΥ ΑΙΓΑΙΟΥ,ΑΤΑΒΥΡΟΥ,ΔΩΔΕΚΑΝΗΣΟΥ,ΝΟΤΙΟΥ ΑΙΓΑΙΟΥ
ΑΦΑΝΤΟΥ,ΡΟΔΟΥ,ΡΟΔΟΥ,ΝΟΤΙΟΥ ΑΙΓΑΙΟΥ,ΑΦΑΝΤΟΥ,ΔΩΔΕΚΑΝΗΣΟΥ,ΝΟΤΙΟΥ ΑΙΓΑΙΟΥ
ΙΑΛΥΣΟΥ,ΡΟΔΟΥ,ΡΟΔΟΥ,ΝΟΤΙΟΥ ΑΙΓΑΙΟΥ,ΙΑΛΥΣΟΥ,ΔΩΔΕΚΑΝΗΣΟΥ,ΝΟΤΙΟΥ ΑΙΓΑΙΟΥ
ΚΑΛΛΙΘΕΑΣ,ΡΟΔΟΥ,ΡΟΔΟΥ,ΝΟΤΙΟΥ ΑΙΓΑΙΟΥ,ΚΑΛΛΙΘΕΑΣ,ΔΩΔΕΚΑΝΗΣΟΥ,ΝΟΤΙΟΥ ΑΙΓΑΙΟΥ
ΚΑΜΕΙΡΟΥ,ΡΟΔΟΥ,ΡΟΔΟΥ,ΝΟΤΙΟΥ ΑΙΓΑΙΟΥ,ΚΑΜΕΙΡΟΥ,ΔΩΔΕΚΑΝΗΣΟΥ,ΝΟΤΙΟΥ ΑΙΓΑΙΟΥ
ΛΙΝΔΙΩΝ,ΡΟΔΟΥ,ΡΟΔΟΥ,ΝΟΤΙΟΥ ΑΙΓΑΙΟΥ,ΛΙΝΔΙΩΝ,ΔΩΔΕΚΑΝΗΣΟΥ,ΝΟΤΙΟΥ ΑΙΓΑΙΟΥ
ΝΟΤΙΑΣ ΡΟΔΟΥ,ΡΟΔΟΥ,ΡΟΔΟΥ,ΝΟΤΙΟΥ ΑΙΓΑΙΟΥ,ΝΟΤΙΑΣ ΡΟΔΟΥ,ΔΩΔΕΚΑΝΗΣΟΥ,ΝΟΤΙΟΥ ΑΙΓΑΙΟΥ
ΠΕΤΑΛΟΥΔΩΝ,ΡΟΔΟΥ,ΡΟΔΟΥ,ΝΟΤΙΟΥ ΑΙΓΑΙΟΥ,ΠΕΤΑΛΟΥΔΩΝ,ΔΩΔΕΚΑΝΗΣΟΥ,ΝΟΤΙΟΥ ΑΙΓΑΙΟΥ
ΡΟΔΟΥ,ΡΟΔΟΥ,ΡΟΔΟΥ,ΝΟΤΙΟΥ ΑΙΓΑΙΟΥ,ΡΟΔΟΥ,ΔΩΔΕΚΑΝΗΣΟΥ,ΝΟΤΙΟΥ ΑΙΓΑΙΟΥ
ΣΥΜΗΣ,ΣΥΜΗΣ,ΡΟΔΟΥ,ΝΟΤΙΟΥ ΑΙΓΑΙΟΥ,ΣΥΜΗΣ,ΔΩΔΕΚΑΝΗΣΟΥ,ΝΟΤΙΟΥ ΑΙΓΑΙΟΥ
ΤΗΛΟΥ,ΤΗΛΟΥ,ΡΟΔΟΥ,ΝΟΤΙΟΥ ΑΙΓΑΙΟΥ,ΤΗΛΟΥ,ΔΩΔΕΚΑΝΗΣΟΥ,ΝΟΤΙΟΥ ΑΙΓΑΙΟΥ
ΧΑΛΚΗΣ,ΧΑΛΚΗΣ,ΡΟΔΟΥ,ΝΟΤΙΟΥ ΑΙΓΑΙΟΥ,ΧΑΛΚΗΣ,ΔΩΔΕΚΑΝΗΣΟΥ,ΝΟΤΙΟΥ ΑΙΓΑΙΟΥ
ΑΝΩ ΣΥΡΟΥ,ΣΥΡΟΥ-ΕΡΜΟΥΠΟΛΗΣ,ΣΥΡΟΥ,ΝΟΤΙΟΥ ΑΙΓΑΙΟΥ,ΑΝΩ ΣΥΡΟΥ,ΚΥΚΛΑΔΩΝ,ΝΟΤΙΟΥ ΑΙΓΑΙΟΥ
ΕΡΜΟΥΠΟΛΕΩΣ,ΣΥΡΟΥ-ΕΡΜΟΥΠΟΛΗΣ,ΣΥΡΟΥ,ΝΟΤΙΟΥ ΑΙΓΑΙΟΥ,ΕΡΜΟΥΠΟΛΕΩΣ,ΚΥΚΛΑΔΩΝ,ΝΟΤΙΟΥ ΑΙΓΑΙΟΥ
ΠΟΣΕΙΔΩΝΙΑΣ,ΣΥΡΟΥ-ΕΡΜΟΥΠΟΛΗΣ,ΣΥΡΟΥ,ΝΟΤΙΟΥ ΑΙΓΑΙΟΥ,ΠΟΣΕΙΔΩΝΙΑΣ,ΚΥΚΛΑΔΩΝ,ΝΟΤΙΟΥ ΑΙΓΑΙΟΥ
ΕΞΩΜΒΟΥΡΓΟΥ,ΤΗΝΟΥ,ΤΗΝΟΥ,ΝΟΤΙΟΥ ΑΙΓΑΙΟΥ,ΕΞΩΜΒΟΥΡΓΟΥ,ΚΥΚΛΑΔΩΝ,ΝΟΤΙΟΥ ΑΙΓΑΙΟΥ
ΠΑΝΟΡΜΟΥ,ΤΗΝΟΥ,ΤΗΝΟΥ,ΝΟΤΙΟΥ ΑΙΓΑΙΟΥ,ΠΑΝΟΡΜΟΥ,ΚΥΚΛΑΔΩΝ,ΝΟΤΙΟΥ ΑΙΓΑΙΟΥ
ΤΗΝΟΥ,ΤΗΝΟΥ,ΤΗΝΟΥ,ΝΟΤΙΟΥ ΑΙΓΑΙΟΥ,ΤΗΝΟΥ,ΚΥΚΛΑΔΩΝ,ΝΟΤΙΟΥ ΑΙΓΑΙΟΥ
ΑΡΧΑΝΩΝ,ΑΡΧΑΝΩΝ - ΑΣΤΕΡΟΥΣΙΩΝ,ΗΡΑΚΛΕΙΟΥ,ΚΡΗΤΗΣ,ΑΡΧΑΝΩΝ,ΗΡΑΚΛΕΙΟΥ,ΚΡΗΤΗΣ
ΑΣΤΕΡΟΥΣΙΩΝ,ΑΡΧΑΝΩΝ - ΑΣΤΕΡΟΥΣΙΩΝ,ΗΡΑΚΛΕΙΟΥ,ΚΡΗΤΗΣ,ΑΣΤΕΡΟΥΣΙΩΝ,ΗΡΑΚΛΕΙΟΥ,ΚΡΗΤΗΣ
ΝΙΚΟΥ ΚΑΖΑΝΤΖΑΚΗ,ΑΡΧΑΝΩΝ - ΑΣΤΕΡΟΥΣΙΩΝ,ΗΡΑΚΛΕΙΟΥ,ΚΡΗΤΗΣ,ΝΙΚΟΥ ΚΑΖΑΝΤΖΑΚΗ,ΗΡΑΚΛΕΙΟΥ,ΚΡΗΤΗΣ
ΒΙΑΝΝΟΥ,ΒΙΑΝΝΟΥ,ΗΡΑΚΛΕΙΟΥ,ΚΡΗΤΗΣ,ΒΙΑΝΝΟΥ,ΗΡΑΚΛΕΙΟΥ,ΚΡΗΤΗΣ
ΑΓΙΑΣ ΒΑΡΒΑΡΑΣ,ΓΟΡΤΥΝΑΣ,ΗΡΑΚΛΕΙΟΥ,ΚΡΗΤΗΣ,ΑΓΙΑΣ ΒΑΡΒΑΡΑΣ,ΗΡΑΚΛΕΙΟΥ,ΚΡΗΤΗΣ
ΓΟΡΤΥΝΑΣ,ΓΟΡΤΥΝΑΣ,ΗΡΑΚΛΕΙΟΥ,ΚΡΗΤΗΣ,ΓΟΡΤΥΝΑΣ,ΗΡΑΚΛΕΙΟΥ,ΚΡΗΤΗΣ
ΚΟΦΙΝΑ,ΓΟΡΤΥΝΑΣ,ΗΡΑΚΛΕΙΟΥ,ΚΡΗΤΗΣ,ΚΟΦΙΝΑ,ΗΡΑΚΛΕΙΟΥ,ΚΡΗΤΗΣ
ΡΟΥΒΑ,ΓΟΡΤΥΝΑΣ,ΗΡΑΚΛΕΙΟΥ,ΚΡΗΤΗΣ,ΡΟΥΒΑ,ΗΡΑΚΛΕΙΟΥ,ΚΡΗΤΗΣ
ΓΟΡΓΟΛΑΪΝΗ,ΗΡΑΚΛΕΙΟΥ,ΗΡΑΚΛΕΙΟΥ,ΚΡΗΤΗΣ,ΓΟΡΓΟΛΑΪΝΗ,ΗΡΑΚΛΕΙΟΥ,ΚΡΗΤΗΣ
ΗΡΑΚΛΕΙΟΥ,ΗΡΑΚΛΕΙΟΥ,ΗΡΑΚΛΕΙΟΥ,ΚΡΗΤΗΣ,ΗΡΑΚΛΕΙΟΥ,ΗΡΑΚΛΕΙΟΥ,ΚΡΗΤΗΣ
ΝΕΑΣ ΑΛΙΚΑΡΝΑΣΣΟΥ,ΗΡΑΚΛΕΙΟΥ,ΗΡΑΚΛΕΙΟΥ,ΚΡΗΤΗΣ,ΝΕΑΣ ΑΛΙΚΑΡΝΑΣΣΟΥ,ΗΡΑΚΛΕΙΟΥ,ΚΡΗΤΗΣ
ΠΑΛΙΑΝΗΣ,ΗΡΑΚΛΕΙΟΥ,ΗΡΑΚΛΕΙΟΥ,ΚΡΗΤΗΣ,ΠΑΛΙΑΝΗΣ,ΗΡΑΚΛΕΙΟΥ,ΚΡΗΤΗΣ
ΤΕΜΕΝΟΥΣ,ΗΡΑΚΛΕΙΟΥ,ΗΡΑΚΛΕΙΟΥ,ΚΡΗΤΗΣ,ΤΕΜΕΝΟΥΣ,ΗΡΑΚΛΕΙΟΥ,ΚΡΗΤΗΣ
ΓΑΖΙΟΥ,ΜΑΛΕΒΙΖΙΟΥ,ΗΡΑΚΛΕΙΟΥ,ΚΡΗΤΗΣ,ΓΑΖΙΟΥ,ΗΡΑΚΛΕΙΟΥ,ΚΡΗΤΗΣ
ΚΡΟΥΣΩΝΑ,ΜΑΛΕΒΙΖΙΟΥ,ΗΡΑΚΛΕΙΟΥ,ΚΡΗΤΗΣ,ΚΡΟΥΣΩΝΑ,ΗΡΑΚΛΕΙΟΥ,ΚΡΗΤΗΣ
ΤΥΛΙΣΟΥ,ΜΑΛΕΒΙΖΙΟΥ,ΗΡΑΚΛΕΙΟΥ,ΚΡΗΤΗΣ,ΤΥΛΙΣΟΥ,ΗΡΑΚΛΕΙΟΥ,ΚΡΗΤΗΣ
ΑΡΚΑΛΟΧΩΡΙΟΥ,ΜΙΝΩΑ ΠΕΔΙΑΔΑΣ,ΗΡΑΚΛΕΙΟΥ,ΚΡΗΤΗΣ,ΑΡΚΑΛΟΧΩΡΙΟΥ,ΗΡΑΚΛΕΙΟΥ,ΚΡΗΤΗΣ
ΘΡΑΨΑΝΟΥ,ΜΙΝΩΑ ΠΕΔΙΑΔΑΣ,ΗΡΑΚΛΕΙΟΥ,ΚΡΗΤΗΣ,ΘΡΑΨΑΝΟΥ,ΗΡΑΚΛΕΙΟΥ,ΚΡΗΤΗΣ
ΚΑΣΤΕΛΛΙΟΥ,ΜΙΝΩΑ ΠΕΔΙΑΔΑΣ,ΗΡΑΚΛΕΙΟΥ,ΚΡΗΤΗΣ,ΚΑΣΤΕΛΛΙΟΥ,ΗΡΑΚΛΕΙΟΥ,ΚΡΗΤΗΣ
ΖΑΡΟΥ,ΦΑΙΣΤΟΥ,ΗΡΑΚΛΕΙΟΥ,ΚΡΗΤΗΣ,ΖΑΡΟΥ,ΗΡΑΚΛΕΙΟΥ,ΚΡΗΤΗΣ
ΜΟΙΡΩΝ,ΦΑΙΣΤΟΥ,ΗΡΑΚΛΕΙΟΥ,ΚΡΗΤΗΣ,ΜΟΙΡΩΝ,ΗΡΑΚΛΕΙΟΥ,ΚΡΗΤΗΣ
ΤΥΜΠΑΚΙΟΥ,ΦΑΙΣΤΟΥ,ΗΡΑΚΛΕΙΟΥ,ΚΡΗΤΗΣ,ΤΥΜΠΑΚΙΟΥ,ΗΡΑΚΛΕΙΟΥ,ΚΡΗΤΗΣ
ΓΟΥΒΩΝ,ΧΕΡΣΟΝΗΣΟΥ,ΗΡΑΚΛΕΙΟΥ,ΚΡΗΤΗΣ,ΓΟΥΒΩΝ,ΗΡΑΚΛΕΙΟΥ,ΚΡΗΤΗΣ
ΕΠΙΣΚΟΠΗΣ,ΧΕΡΣΟΝΗΣΟΥ,ΗΡΑΚΛΕΙΟΥ,ΚΡΗΤΗΣ,ΕΠΙΣΚΟΠΗΣ,ΗΡΑΚΛΕΙΟΥ,ΚΡΗΤΗΣ
ΜΑΛΛΙΩΝ,ΧΕΡΣΟΝΗΣΟΥ,ΗΡΑΚΛΕΙΟΥ,ΚΡΗΤΗΣ,ΜΑΛΛΙΩΝ,ΗΡΑΚΛΕΙΟΥ,ΚΡΗΤΗΣ
ΧΕΡΣΟΝΗΣΟΥ,ΧΕΡΣΟΝΗΣΟΥ,ΗΡΑΚΛΕΙΟΥ,ΚΡΗΤΗΣ,ΧΕΡΣΟΝΗΣΟΥ,ΗΡΑΚΛΕΙΟΥ,ΚΡΗΤΗΣ
ΑΓΙΟΥ ΝΙΚΟΛΑΟΥ,ΑΓΙΟΥ ΝΙΚΟΛΑΟΥ,ΛΑΣΙΘΙΟΥ,ΚΡΗΤΗΣ,ΑΓΙΟΥ ΝΙΚΟΛΑΟΥ,ΛΑΣΙΘΙΟΥ,ΚΡΗΤΗΣ
ΒΡΑΧΑΣΙΟΥ,ΑΓΙΟΥ ΝΙΚΟΛΑΟΥ,ΛΑΣΙΘΙΟΥ,ΚΡΗΤΗΣ,ΒΡΑΧΑΣΙΟΥ,ΛΑΣΙΘΙΟΥ,ΚΡΗΤΗΣ
ΝΕΑΠΟΛΗΣ,ΑΓΙΟΥ ΝΙΚΟΛΑΟΥ,ΛΑΣΙΘΙΟΥ,ΚΡΗΤΗΣ,ΝΕΑΠΟΛΗΣ,ΛΑΣΙΘΙΟΥ,ΚΡΗΤΗΣ
ΙΕΡΑΠΕΤΡΑΣ,ΙΕΡΑΠΕΤΡΑΣ,ΛΑΣΙΘΙΟΥ,ΚΡΗΤΗΣ,ΙΕΡΑΠΕΤΡΑΣ,ΛΑΣΙΘΙΟΥ,ΚΡΗΤΗΣ
ΜΑΚΡΥ ΓΙΑΛΟΥ,ΙΕΡΑΠΕΤΡΑΣ,ΛΑΣΙΘΙΟΥ,ΚΡΗΤΗΣ,ΜΑΚΡΥ ΓΙΑΛΟΥ,ΛΑΣΙΘΙΟΥ,ΚΡΗΤΗΣ
ΟΡΟΠΕΔΙΟΥ ΛΑΣΙΘΙΟΥ,ΟΡΟΠΕΔΙΟΥ ΛΑΣΙΘΙΟΥ,ΛΑΣΙΘΙΟΥ,ΚΡΗΤΗΣ,ΟΡΟΠΕΔΙΟΥ ΛΑΣΙΘΙΟΥ,ΛΑΣΙΘΙΟΥ,ΚΡΗΤΗΣ
ΙΤΑΝΟΥ,ΣΗΤΕΙΑΣ,ΛΑΣΙΘΙΟΥ,ΚΡΗΤΗΣ,ΙΤΑΝΟΥ,ΛΑΣΙΘΙΟΥ,ΚΡΗΤΗΣ
ΛΕΥΚΗΣ,ΣΗΤΕΙΑΣ,ΛΑΣΙΘΙΟΥ,ΚΡΗΤΗΣ,ΛΕΥΚΗΣ,ΛΑΣΙΘΙΟΥ,ΚΡΗΤΗΣ
ΣΗΤΕΙΑΣ,ΣΗΤΕΙΑΣ,ΛΑΣΙΘΙΟΥ,ΚΡΗΤΗΣ,ΣΗΤΕΙΑΣ,ΛΑΣΙΘΙΟΥ,ΚΡΗΤΗΣ
ΛΑΜΠΗΣ,ΑΓΙΟΥ ΒΑΣΙΛΕΙΟΥ,ΡΕΘΥΜΝΟΥ,ΚΡΗΤΗΣ,ΛΑΜΠΗΣ,ΡΕΘΥΜΝΗΣ,ΚΡΗΤΗΣ
ΦΟΙΝΙΚΑ,ΑΓΙΟΥ ΒΑΣΙΛΕΙΟΥ,ΡΕΘΥΜΝΟΥ,ΚΡΗΤΗΣ,ΦΟΙΝΙΚΑ,ΡΕΘΥΜΝΗΣ,ΚΡΗΤΗΣ
ΚΟΥΡΗΤΩΝ,ΑΜΑΡΙΟΥ,ΡΕΘΥΜΝΟΥ,ΚΡΗΤΗΣ,ΚΟΥΡΗΤΩΝ,ΡΕΘΥΜΝΗΣ,ΚΡΗΤΗΣ
ΣΥΒΡΙΤΟΥ,ΑΜΑΡΙΟΥ,ΡΕΘΥΜΝΟΥ,ΚΡΗΤΗΣ,ΣΥΒΡΙΤΟΥ,ΡΕΘΥΜΝΗΣ,ΚΡΗΤΗΣ
ΑΝΩΓΕΙΩΝ,ΑΝΩΓΕΙΩΝ,ΡΕΘΥΜΝΟΥ,ΚΡΗΤΗΣ,ΑΝΩΓΕΙΩΝ,ΡΕΘΥΜΝΗΣ,ΚΡΗΤΗΣ
ΓΕΡΟΠΟΤΑΜΟΥ,ΜΥΛΟΠΟΤΑΜΟΥ,ΡΕΘΥΜΝΟΥ,ΚΡΗΤΗΣ,ΓΕΡΟΠΟΤΑΜΟΥ,ΡΕΘΥΜΝΗΣ,ΚΡΗΤΗΣ
ΖΩΝΙΑΝΩΝ,ΜΥΛΟΠΟΤΑΜΟΥ,ΡΕΘΥΜΝΟΥ,ΚΡΗΤΗΣ,ΖΩΝΙΑΝΩΝ,ΡΕΘΥΜΝΗΣ,ΚΡΗΤΗΣ
ΚΟΥΛΟΥΚΩΝΑ,ΜΥΛΟΠΟΤΑΜΟΥ,ΡΕΘΥΜΝΟΥ,ΚΡΗΤΗΣ,ΚΟΥΛΟΥΚΩΝΑ,ΡΕΘΥΜΝΗΣ,ΚΡΗΤΗΣ
ΑΡΚΑΔΙΟΥ,ΡΕΘΥΜΝΗΣ,ΡΕΘΥΜΝΟΥ,ΚΡΗΤΗΣ,ΑΡΚΑΔΙΟΥ,ΡΕΘΥΜΝΗΣ,ΚΡΗΤΗΣ
ΛΑΠΠΑΙΩΝ,ΡΕΘΥΜΝΗΣ,ΡΕΘΥΜΝΟΥ,ΚΡΗΤΗΣ,ΛΑΠΠΑΙΩΝ,ΡΕΘΥΜΝΗΣ,ΚΡΗΤΗΣ
ΝΙΚΗΦΟΡΟΥ ΦΩΚΑ,ΡΕΘΥΜΝΗΣ,ΡΕΘΥΜΝΟΥ,ΚΡΗΤΗΣ,ΝΙΚΗΦΟΡΟΥ ΦΩΚΑ,ΡΕΘΥΜΝΗΣ,ΚΡΗΤΗΣ
ΡΕΘΥΜΝΗΣ,ΡΕΘΥΜΝΗΣ,ΡΕΘΥΜΝΟΥ,ΚΡΗΤΗΣ,ΡΕΘΥΜΝΗΣ,ΡΕΘΥΜΝΗΣ,ΚΡΗΤΗΣ
ΑΡΜΕΝΩΝ,ΑΠΟΚΟΡΩΝΟΥ,ΧΑΝΙΩΝ,ΚΡΗΤΗΣ,ΑΡΜΕΝΩΝ,ΧΑΝΙΩΝ,ΚΡΗΤΗΣ
ΑΣΗ ΓΩΝΙΑΣ,ΑΠΟΚΟΡΩΝΟΥ,ΧΑΝΙΩΝ,ΚΡΗΤΗΣ,ΑΣΗ ΓΩΝΙΑΣ,ΧΑΝΙΩΝ,ΚΡΗΤΗΣ
ΒΑΜΟΥ,ΑΠΟΚΟΡΩΝΟΥ,ΧΑΝΙΩΝ,ΚΡΗΤΗΣ,ΒΑΜΟΥ,ΧΑΝΙΩΝ,ΚΡΗΤΗΣ
ΓΕΩΡΓΙΟΥΠΟΛΕΩΣ,ΑΠΟΚΟΡΩΝΟΥ,ΧΑΝΙΩΝ,ΚΡΗΤΗΣ,ΓΕΩΡΓΙΟΥΠΟΛΕΩΣ,ΧΑΝΙΩΝ,ΚΡΗΤΗΣ
ΚΡΥΟΝΕΡΙΔΑΣ,ΑΠΟΚΟΡΩΝΟΥ,ΧΑΝΙΩΝ,ΚΡΗΤΗΣ,ΚΡΥΟΝΕΡΙΔΑΣ,ΧΑΝΙΩΝ,ΚΡΗΤΗΣ
ΦΡΕ,ΑΠΟΚΟΡΩΝΟΥ,ΧΑΝΙΩΝ,ΚΡΗΤΗΣ,ΦΡΕ,ΧΑΝΙΩΝ,ΚΡΗΤΗΣ
ΓΑΥΔΟΥ,ΓΑΥΔΟΥ,ΧΑΝΙΩΝ,ΚΡΗΤΗΣ,ΓΑΥΔΟΥ,ΧΑΝΙΩΝ,ΚΡΗΤΗΣ
ΑΝΑΤΟΛΙΚΟΥ ΣΕΛΙΝΟΥ,ΚΑΝΤΑΝΟΥ - ΣΕΛΙΝΟΥ,ΧΑΝΙΩΝ,ΚΡΗΤΗΣ,ΑΝΑΤΟΛΙΚΟΥ ΣΕΛΙΝΟΥ,ΧΑΝΙΩΝ,ΚΡΗΤΗΣ
ΚΑΝΤΑΝΟΥ,ΚΑΝΤΑΝΟΥ - ΣΕΛΙΝΟΥ,ΧΑΝΙΩΝ,ΚΡΗΤΗΣ,ΚΑΝΤΑΝΟΥ,ΧΑΝΙΩΝ,ΚΡΗΤΗΣ
ΠΕΛΕΚΑΝΟΥ,ΚΑΝΤΑΝΟΥ - ΣΕΛΙΝΟΥ,ΧΑΝΙΩΝ,ΚΡΗΤΗΣ,ΠΕΛΕΚΑΝΟΥ,ΧΑΝΙΩΝ,ΚΡΗΤΗΣ
ΙΝΑΧΩΡΙΟΥ,ΚΙΣΣΑΜΟΥ,ΧΑΝΙΩΝ,ΚΡΗΤΗΣ,ΙΝΑΧΩΡΙΟΥ,ΧΑΝΙΩΝ,ΚΡΗΤΗΣ
ΚΙΣΣΑΜΟΥ,ΚΙΣΣΑΜΟΥ,ΧΑΝΙΩΝ,ΚΡΗΤΗΣ,ΚΙΣΣΑΜΟΥ,ΧΑΝΙΩΝ,ΚΡΗΤΗΣ
ΜΥΘΗΜΝΗΣ,ΚΙΣΣΑΜΟΥ,ΧΑΝΙΩΝ,ΚΡΗΤΗΣ,ΜΥΘΗΜΝΗΣ,ΧΑΝΙΩΝ,ΚΡΗΤΗΣ
ΒΟΥΚΟΛΙΩΝ,ΠΛΑΤΑΝΙΑ,ΧΑΝΙΩΝ,ΚΡΗΤΗΣ,ΒΟΥΚΟΛΙΩΝ,ΧΑΝΙΩΝ,ΚΡΗΤΗΣ
ΚΟΛΥΜΒΑΡΙΟΥ,ΠΛΑΤΑΝΙΑ,ΧΑΝΙΩΝ,ΚΡΗΤΗΣ,ΚΟΛΥΜΒΑΡΙΟΥ,ΧΑΝΙΩΝ,ΚΡΗΤΗΣ
ΜΟΥΣΟΥΡΩΝ,ΠΛΑΤΑΝΙΑ,ΧΑΝΙΩΝ,ΚΡΗΤΗΣ,ΜΟΥΣΟΥΡΩΝ,ΧΑΝΙΩΝ,ΚΡΗΤΗΣ
ΠΛΑΤΑΝΙΑ,ΠΛΑΤΑΝΙΑ,ΧΑΝΙΩΝ,ΚΡΗΤΗΣ,ΠΛΑΤΑΝΙΑ,ΧΑΝΙΩΝ,ΚΡΗΤΗΣ
ΣΦΑΚΙΩΝ,ΣΦΑΚΙΩΝ,ΧΑΝΙΩΝ,ΚΡΗΤΗΣ,ΣΦΑΚΙΩΝ,ΧΑΝΙΩΝ,ΚΡΗΤΗΣ
ΑΚΡΩΤΗΡΙΟΥ,ΧΑΝΙΩΝ,ΧΑΝΙΩΝ,ΚΡΗΤΗΣ,ΑΚΡΩΤΗΡΙΟΥ,ΧΑΝΙΩΝ,ΚΡΗΤΗΣ
ΕΛΕΥΘΕΡΙΟΥ ΒΕΝΙΖΕΛΟΥ,ΧΑΝΙΩΝ,ΧΑΝΙΩΝ,ΚΡΗΤΗΣ,ΕΛΕΥΘΕΡΙΟΥ ΒΕΝΙΖΕΛΟΥ,ΧΑΝΙΩΝ,ΚΡΗΤΗΣ
ΘΕΡΙΣΟΥ,ΧΑΝΙΩΝ,ΧΑΝΙΩΝ,ΚΡΗΤΗΣ,ΘΕΡΙΣΟΥ,ΧΑΝΙΩΝ,ΚΡΗΤΗΣ
ΚΕΡΑΜΙΩΝ,ΧΑΝΙΩΝ,ΧΑΝΙΩΝ,ΚΡΗΤΗΣ,ΚΕΡΑΜΙΩΝ,ΧΑΝΙΩΝ,ΚΡΗΤΗΣ
ΝΕΑΣ ΚΥΔΩΝΙΑΣ,ΧΑΝΙΩΝ,ΧΑΝΙΩΝ,ΚΡΗΤΗΣ,ΝΕΑΣ ΚΥΔΩΝΙΑΣ,ΧΑΝΙΩΝ,ΚΡΗΤΗΣ
ΣΟΥΔΑΣ,ΧΑΝΙΩΝ,ΧΑΝΙΩΝ,ΚΡΗΤΗΣ,ΣΟΥΔΑΣ,ΧΑΝΙΩΝ,ΚΡΗΤΗΣ
ΧΑΝΙΩΝ,ΧΑΝΙΩΝ,ΧΑΝΙΩΝ,ΚΡΗΤΗΣ,ΧΑΝΙΩΝ,ΧΑΝΙΩΝ,ΚΡΗΤΗΣ
